Id,Labels
SA_Ta_01,Positive
SA_Ta_02,unknown_state
SA_Ta_03,Positive
SA_Ta_04,Mixed_feelings
SA_Ta_05,Negative
SA_Ta_06,Positive
SA_Ta_07,Negative
SA_Ta_08,Positive
SA_Ta_09,Positive
SA_Ta_10,Positive
SA_Ta_11,Negative
SA_Ta_12,Mixed_feelings
SA_Ta_13,unknown_state
SA_Ta_14,Positive
SA_Ta_15,Positive
SA_Ta_16,Positive
SA_Ta_17,unknown_state
SA_Ta_18,Mixed_feelings
SA_Ta_19,Positive
SA_Ta_20,Negative
SA_Ta_21,Positive
SA_Ta_22,Positive
SA_Ta_23,unknown_state
SA_Ta_24,unknown_state
SA_Ta_25,Positive
SA_Ta_26,Positive
SA_Ta_27,Negative
SA_Ta_28,Positive
SA_Ta_29,Mixed_feelings
SA_Ta_30,Positive
SA_Ta_31,Positive
SA_Ta_32,Positive
SA_Ta_33,Positive
SA_Ta_34,Positive
SA_Ta_35,Positive
SA_Ta_36,unknown_state
SA_Ta_37,Positive
SA_Ta_38,Positive
SA_Ta_39,Mixed_feelings
SA_Ta_40,Positive
SA_Ta_41,Positive
SA_Ta_42,Mixed_feelings
SA_Ta_43,Positive
SA_Ta_44,Positive
SA_Ta_45,Mixed_feelings
SA_Ta_46,Positive
SA_Ta_47,Mixed_feelings
SA_Ta_48,Mixed_feelings
SA_Ta_49,Positive
SA_Ta_50,unknown_state
SA_Ta_51,Positive
SA_Ta_52,unknown_state
SA_Ta_53,Negative
SA_Ta_54,Mixed_feelings
SA_Ta_55,Negative
SA_Ta_56,Positive
SA_Ta_57,unknown_state
SA_Ta_58,Positive
SA_Ta_59,Positive
SA_Ta_60,unknown_state
SA_Ta_61,Positive
SA_Ta_62,Positive
SA_Ta_63,Positive
SA_Ta_64,Positive
SA_Ta_65,Positive
SA_Ta_66,Positive
SA_Ta_67,unknown_state
SA_Ta_68,Positive
SA_Ta_69,Positive
SA_Ta_70,Positive
SA_Ta_71,unknown_state
SA_Ta_72,Positive
SA_Ta_73,Positive
SA_Ta_74,Positive
SA_Ta_75,Positive
SA_Ta_76,unknown_state
SA_Ta_77,unknown_state
SA_Ta_78,Positive
SA_Ta_79,Positive
SA_Ta_80,unknown_state
SA_Ta_81,Positive
SA_Ta_82,Positive
SA_Ta_83,Positive
SA_Ta_84,Positive
SA_Ta_85,Mixed_feelings
SA_Ta_86,Positive
SA_Ta_87,Positive
SA_Ta_88,Positive
SA_Ta_89,Positive
SA_Ta_90,unknown_state
SA_Ta_91,Mixed_feelings
SA_Ta_92,Positive
SA_Ta_93,Positive
SA_Ta_94,Mixed_feelings
SA_Ta_95,Positive
SA_Ta_96,Negative
SA_Ta_97,unknown_state
SA_Ta_98,Positive
SA_Ta_99,Mixed_feelings
SA_Ta_100,unknown_state
SA_Ta_101,Mixed_feelings
SA_Ta_102,Mixed_feelings
SA_Ta_103,Positive
SA_Ta_104,unknown_state
SA_Ta_105,Positive
SA_Ta_106,Negative
SA_Ta_107,Positive
SA_Ta_108,Mixed_feelings
SA_Ta_109,Negative
SA_Ta_110,unknown_state
SA_Ta_111,unknown_state
SA_Ta_112,Negative
SA_Ta_113,unknown_state
SA_Ta_114,Positive
SA_Ta_115,Positive
SA_Ta_116,Mixed_feelings
SA_Ta_117,Positive
SA_Ta_118,Positive
SA_Ta_119,Positive
SA_Ta_120,unknown_state
SA_Ta_121,Mixed_feelings
SA_Ta_122,Positive
SA_Ta_123,Positive
SA_Ta_124,Positive
SA_Ta_125,Positive
SA_Ta_126,Positive
SA_Ta_127,Positive
SA_Ta_128,Positive
SA_Ta_129,Mixed_feelings
SA_Ta_130,Positive
SA_Ta_131,Positive
SA_Ta_132,Positive
SA_Ta_133,Positive
SA_Ta_134,Positive
SA_Ta_135,unknown_state
SA_Ta_136,Positive
SA_Ta_137,Positive
SA_Ta_138,Positive
SA_Ta_139,unknown_state
SA_Ta_140,Positive
SA_Ta_141,unknown_state
SA_Ta_142,unknown_state
SA_Ta_143,Mixed_feelings
SA_Ta_144,Positive
SA_Ta_145,Positive
SA_Ta_146,unknown_state
SA_Ta_147,Positive
SA_Ta_148,Positive
SA_Ta_149,Positive
SA_Ta_150,Positive
SA_Ta_151,Positive
SA_Ta_152,Positive
SA_Ta_153,Positive
SA_Ta_154,Positive
SA_Ta_155,Positive
SA_Ta_156,Mixed_feelings
SA_Ta_157,Positive
SA_Ta_158,Positive
SA_Ta_159,Positive
SA_Ta_160,Positive
SA_Ta_161,Positive
SA_Ta_162,unknown_state
SA_Ta_163,Negative
SA_Ta_164,Mixed_feelings
SA_Ta_165,Positive
SA_Ta_166,Mixed_feelings
SA_Ta_167,Positive
SA_Ta_168,Positive
SA_Ta_169,Positive
SA_Ta_170,Positive
SA_Ta_171,unknown_state
SA_Ta_172,Positive
SA_Ta_173,Negative
SA_Ta_174,Positive
SA_Ta_175,Positive
SA_Ta_176,Positive
SA_Ta_177,Negative
SA_Ta_178,unknown_state
SA_Ta_179,Mixed_feelings
SA_Ta_180,unknown_state
SA_Ta_181,unknown_state
SA_Ta_182,Positive
SA_Ta_183,Positive
SA_Ta_184,Positive
SA_Ta_185,Positive
SA_Ta_186,unknown_state
SA_Ta_187,Positive
SA_Ta_188,Mixed_feelings
SA_Ta_189,Positive
SA_Ta_190,Mixed_feelings
SA_Ta_191,Negative
SA_Ta_192,Positive
SA_Ta_193,Positive
SA_Ta_194,Positive
SA_Ta_195,Positive
SA_Ta_196,Negative
SA_Ta_197,Positive
SA_Ta_198,Positive
SA_Ta_199,Positive
SA_Ta_200,Positive
SA_Ta_201,Positive
SA_Ta_202,Positive
SA_Ta_203,Positive
SA_Ta_204,Positive
SA_Ta_205,Positive
SA_Ta_206,Negative
SA_Ta_207,Positive
SA_Ta_208,Positive
SA_Ta_209,Positive
SA_Ta_210,Mixed_feelings
SA_Ta_211,unknown_state
SA_Ta_212,Positive
SA_Ta_213,Positive
SA_Ta_214,Positive
SA_Ta_215,Positive
SA_Ta_216,Positive
SA_Ta_217,Positive
SA_Ta_218,unknown_state
SA_Ta_219,Positive
SA_Ta_220,Positive
SA_Ta_221,Positive
SA_Ta_222,unknown_state
SA_Ta_223,Mixed_feelings
SA_Ta_224,Positive
SA_Ta_225,unknown_state
SA_Ta_226,Positive
SA_Ta_227,Positive
SA_Ta_228,Positive
SA_Ta_229,Positive
SA_Ta_230,Positive
SA_Ta_231,Positive
SA_Ta_232,Positive
SA_Ta_233,Positive
SA_Ta_234,unknown_state
SA_Ta_235,Positive
SA_Ta_236,Positive
SA_Ta_237,Negative
SA_Ta_238,unknown_state
SA_Ta_239,Negative
SA_Ta_240,Positive
SA_Ta_241,unknown_state
SA_Ta_242,Positive
SA_Ta_243,Positive
SA_Ta_244,Negative
SA_Ta_245,Positive
SA_Ta_246,unknown_state
SA_Ta_247,Positive
SA_Ta_248,Positive
SA_Ta_249,Mixed_feelings
SA_Ta_250,Negative
SA_Ta_251,unknown_state
SA_Ta_252,Positive
SA_Ta_253,Positive
SA_Ta_254,Mixed_feelings
SA_Ta_255,unknown_state
SA_Ta_256,Positive
SA_Ta_257,Positive
SA_Ta_258,Positive
SA_Ta_259,Positive
SA_Ta_260,Positive
SA_Ta_261,Positive
SA_Ta_262,Negative
SA_Ta_263,Positive
SA_Ta_264,unknown_state
SA_Ta_265,Positive
SA_Ta_266,Positive
SA_Ta_267,Positive
SA_Ta_268,unknown_state
SA_Ta_269,Negative
SA_Ta_270,Positive
SA_Ta_271,unknown_state
SA_Ta_272,Mixed_feelings
SA_Ta_273,unknown_state
SA_Ta_274,Positive
SA_Ta_275,unknown_state
SA_Ta_276,Positive
SA_Ta_277,Positive
SA_Ta_278,Negative
SA_Ta_279,Positive
SA_Ta_280,Mixed_feelings
SA_Ta_281,unknown_state
SA_Ta_282,Positive
SA_Ta_283,Mixed_feelings
SA_Ta_284,Positive
SA_Ta_285,Negative
SA_Ta_286,Positive
SA_Ta_287,unknown_state
SA_Ta_288,Positive
SA_Ta_289,Negative
SA_Ta_290,Positive
SA_Ta_291,Positive
SA_Ta_292,unknown_state
SA_Ta_293,unknown_state
SA_Ta_294,Positive
SA_Ta_295,unknown_state
SA_Ta_296,Positive
SA_Ta_297,Positive
SA_Ta_298,Positive
SA_Ta_299,Mixed_feelings
SA_Ta_300,Mixed_feelings
SA_Ta_301,Negative
SA_Ta_302,Positive
SA_Ta_303,Positive
SA_Ta_304,unknown_state
SA_Ta_305,Negative
SA_Ta_306,Positive
SA_Ta_307,Positive
SA_Ta_308,Positive
SA_Ta_309,unknown_state
SA_Ta_310,Positive
SA_Ta_311,unknown_state
SA_Ta_312,Positive
SA_Ta_313,Positive
SA_Ta_314,Negative
SA_Ta_315,Negative
SA_Ta_316,Positive
SA_Ta_317,unknown_state
SA_Ta_318,Mixed_feelings
SA_Ta_319,Positive
SA_Ta_320,Positive
SA_Ta_321,Positive
SA_Ta_322,unknown_state
SA_Ta_323,Positive
SA_Ta_324,Mixed_feelings
SA_Ta_325,unknown_state
SA_Ta_326,Mixed_feelings
SA_Ta_327,Positive
SA_Ta_328,Positive
SA_Ta_329,Negative
SA_Ta_330,Positive
SA_Ta_331,unknown_state
SA_Ta_332,Negative
SA_Ta_333,Mixed_feelings
SA_Ta_334,Positive
SA_Ta_335,Positive
SA_Ta_336,unknown_state
SA_Ta_337,unknown_state
SA_Ta_338,Mixed_feelings
SA_Ta_339,Positive
SA_Ta_340,unknown_state
SA_Ta_341,Mixed_feelings
SA_Ta_342,unknown_state
SA_Ta_343,unknown_state
SA_Ta_344,Positive
SA_Ta_345,Positive
SA_Ta_346,Mixed_feelings
SA_Ta_347,Positive
SA_Ta_348,Negative
SA_Ta_349,Positive
SA_Ta_350,Mixed_feelings
SA_Ta_351,Positive
SA_Ta_352,Positive
SA_Ta_353,Positive
SA_Ta_354,Positive
SA_Ta_355,Positive
SA_Ta_356,unknown_state
SA_Ta_357,Positive
SA_Ta_358,Positive
SA_Ta_359,unknown_state
SA_Ta_360,Positive
SA_Ta_361,Positive
SA_Ta_362,Negative
SA_Ta_363,Positive
SA_Ta_364,unknown_state
SA_Ta_365,Mixed_feelings
SA_Ta_366,Negative
SA_Ta_367,Positive
SA_Ta_368,Positive
SA_Ta_369,Positive
SA_Ta_370,Positive
SA_Ta_371,unknown_state
SA_Ta_372,unknown_state
SA_Ta_373,Positive
SA_Ta_374,Positive
SA_Ta_375,Negative
SA_Ta_376,Positive
SA_Ta_377,Positive
SA_Ta_378,Positive
SA_Ta_379,Mixed_feelings
SA_Ta_380,Negative
SA_Ta_381,Positive
SA_Ta_382,Mixed_feelings
SA_Ta_383,unknown_state
SA_Ta_384,Positive
SA_Ta_385,Positive
SA_Ta_386,Positive
SA_Ta_387,Positive
SA_Ta_388,Mixed_feelings
SA_Ta_389,unknown_state
SA_Ta_390,Positive
SA_Ta_391,Positive
SA_Ta_392,Negative
SA_Ta_393,Positive
SA_Ta_394,Positive
SA_Ta_395,Positive
SA_Ta_396,unknown_state
SA_Ta_397,unknown_state
SA_Ta_398,Mixed_feelings
SA_Ta_399,Positive
SA_Ta_400,Positive
SA_Ta_401,Positive
SA_Ta_402,Negative
SA_Ta_403,unknown_state
SA_Ta_404,Mixed_feelings
SA_Ta_405,Negative
SA_Ta_406,Positive
SA_Ta_407,Negative
SA_Ta_408,Positive
SA_Ta_409,Positive
SA_Ta_410,Positive
SA_Ta_411,Positive
SA_Ta_412,unknown_state
SA_Ta_413,Positive
SA_Ta_414,unknown_state
SA_Ta_415,Positive
SA_Ta_416,Positive
SA_Ta_417,unknown_state
SA_Ta_418,Positive
SA_Ta_419,Positive
SA_Ta_420,Mixed_feelings
SA_Ta_421,Positive
SA_Ta_422,Positive
SA_Ta_423,Positive
SA_Ta_424,Mixed_feelings
SA_Ta_425,unknown_state
SA_Ta_426,Positive
SA_Ta_427,Positive
SA_Ta_428,Mixed_feelings
SA_Ta_429,Mixed_feelings
SA_Ta_430,unknown_state
SA_Ta_431,Positive
SA_Ta_432,Mixed_feelings
SA_Ta_433,Positive
SA_Ta_434,Positive
SA_Ta_435,Mixed_feelings
SA_Ta_436,Positive
SA_Ta_437,Positive
SA_Ta_438,unknown_state
SA_Ta_439,unknown_state
SA_Ta_440,Positive
SA_Ta_441,Positive
SA_Ta_442,Positive
SA_Ta_443,Positive
SA_Ta_444,unknown_state
SA_Ta_445,unknown_state
SA_Ta_446,unknown_state
SA_Ta_447,unknown_state
SA_Ta_448,Positive
SA_Ta_449,Positive
SA_Ta_450,Positive
SA_Ta_451,Negative
SA_Ta_452,unknown_state
SA_Ta_453,Negative
SA_Ta_454,Positive
SA_Ta_455,Negative
SA_Ta_456,Positive
SA_Ta_457,Positive
SA_Ta_458,Positive
SA_Ta_459,unknown_state
SA_Ta_460,Positive
SA_Ta_461,Mixed_feelings
SA_Ta_462,Negative
SA_Ta_463,Negative
SA_Ta_464,Positive
SA_Ta_465,unknown_state
SA_Ta_466,Positive
SA_Ta_467,unknown_state
SA_Ta_468,Positive
SA_Ta_469,unknown_state
SA_Ta_470,unknown_state
SA_Ta_471,Positive
SA_Ta_472,Positive
SA_Ta_473,Negative
SA_Ta_474,Positive
SA_Ta_475,Negative
SA_Ta_476,unknown_state
SA_Ta_477,unknown_state
SA_Ta_478,Negative
SA_Ta_479,Mixed_feelings
SA_Ta_480,Positive
SA_Ta_481,Mixed_feelings
SA_Ta_482,Mixed_feelings
SA_Ta_483,Positive
SA_Ta_484,Positive
SA_Ta_485,unknown_state
SA_Ta_486,Positive
SA_Ta_487,Positive
SA_Ta_488,Positive
SA_Ta_489,Mixed_feelings
SA_Ta_490,Negative
SA_Ta_491,Mixed_feelings
SA_Ta_492,Positive
SA_Ta_493,Positive
SA_Ta_494,Positive
SA_Ta_495,Positive
SA_Ta_496,Positive
SA_Ta_497,unknown_state
SA_Ta_498,unknown_state
SA_Ta_499,Positive
SA_Ta_500,unknown_state
SA_Ta_501,Positive
SA_Ta_502,unknown_state
SA_Ta_503,Positive
SA_Ta_504,Positive
SA_Ta_505,Positive
SA_Ta_506,Mixed_feelings
SA_Ta_507,Negative
SA_Ta_508,Positive
SA_Ta_509,Positive
SA_Ta_510,Mixed_feelings
SA_Ta_511,Positive
SA_Ta_512,unknown_state
SA_Ta_513,Positive
SA_Ta_514,Positive
SA_Ta_515,Positive
SA_Ta_516,Mixed_feelings
SA_Ta_517,Negative
SA_Ta_518,Positive
SA_Ta_519,Negative
SA_Ta_520,Positive
SA_Ta_521,Mixed_feelings
SA_Ta_522,Positive
SA_Ta_523,Positive
SA_Ta_524,Positive
SA_Ta_525,unknown_state
SA_Ta_526,Positive
SA_Ta_527,Positive
SA_Ta_528,unknown_state
SA_Ta_529,Positive
SA_Ta_530,unknown_state
SA_Ta_531,Positive
SA_Ta_532,Positive
SA_Ta_533,Positive
SA_Ta_534,Mixed_feelings
SA_Ta_535,Positive
SA_Ta_536,Positive
SA_Ta_537,Positive
SA_Ta_538,Positive
SA_Ta_539,Positive
SA_Ta_540,Positive
SA_Ta_541,Positive
SA_Ta_542,Negative
SA_Ta_543,Positive
SA_Ta_544,Positive
SA_Ta_545,Mixed_feelings
SA_Ta_546,Positive
SA_Ta_547,Positive
SA_Ta_548,Positive
SA_Ta_549,Negative
SA_Ta_550,Negative
SA_Ta_551,Positive
SA_Ta_552,Positive
SA_Ta_553,Positive
SA_Ta_554,Negative
SA_Ta_555,Mixed_feelings
SA_Ta_556,Mixed_feelings
SA_Ta_557,Positive
SA_Ta_558,Positive
SA_Ta_559,Positive
SA_Ta_560,unknown_state
SA_Ta_561,Positive
SA_Ta_562,unknown_state
SA_Ta_563,Mixed_feelings
SA_Ta_564,Positive
SA_Ta_565,Positive
SA_Ta_566,Positive
SA_Ta_567,Positive
SA_Ta_568,Positive
SA_Ta_569,Positive
SA_Ta_570,Positive
SA_Ta_571,Positive
SA_Ta_572,Positive
SA_Ta_573,Mixed_feelings
SA_Ta_574,unknown_state
SA_Ta_575,Positive
SA_Ta_576,Positive
SA_Ta_577,Positive
SA_Ta_578,Positive
SA_Ta_579,Positive
SA_Ta_580,unknown_state
SA_Ta_581,Positive
SA_Ta_582,Positive
SA_Ta_583,Positive
SA_Ta_584,Positive
SA_Ta_585,unknown_state
SA_Ta_586,Positive
SA_Ta_587,Mixed_feelings
SA_Ta_588,Positive
SA_Ta_589,Positive
SA_Ta_590,Mixed_feelings
SA_Ta_591,Mixed_feelings
SA_Ta_592,unknown_state
SA_Ta_593,Positive
SA_Ta_594,Mixed_feelings
SA_Ta_595,Negative
SA_Ta_596,Mixed_feelings
SA_Ta_597,unknown_state
SA_Ta_598,Positive
SA_Ta_599,Positive
SA_Ta_600,unknown_state
SA_Ta_601,Positive
SA_Ta_602,Negative
SA_Ta_603,Mixed_feelings
SA_Ta_604,unknown_state
SA_Ta_605,unknown_state
SA_Ta_606,Positive
SA_Ta_607,Positive
SA_Ta_608,Mixed_feelings
SA_Ta_609,Negative
SA_Ta_610,Positive
SA_Ta_611,Positive
SA_Ta_612,Positive
SA_Ta_613,unknown_state
SA_Ta_614,Positive
SA_Ta_615,Positive
SA_Ta_616,Negative
SA_Ta_617,Positive
SA_Ta_618,Positive
SA_Ta_619,unknown_state
SA_Ta_620,Mixed_feelings
SA_Ta_621,Positive
SA_Ta_622,Positive
SA_Ta_623,Positive
SA_Ta_624,Positive
SA_Ta_625,Positive
SA_Ta_626,unknown_state
SA_Ta_627,Positive
SA_Ta_628,Positive
SA_Ta_629,unknown_state
SA_Ta_630,Positive
SA_Ta_631,Negative
SA_Ta_632,unknown_state
SA_Ta_633,Negative
SA_Ta_634,Positive
SA_Ta_635,Positive
SA_Ta_636,Positive
SA_Ta_637,Positive
SA_Ta_638,Positive
SA_Ta_639,Positive
SA_Ta_640,Positive
SA_Ta_641,Positive
SA_Ta_642,unknown_state
SA_Ta_643,Positive
SA_Ta_644,Positive
SA_Ta_645,Positive
SA_Ta_646,Positive
SA_Ta_647,Positive
SA_Ta_648,unknown_state
SA_Ta_649,Positive
SA_Ta_650,Positive
SA_Ta_651,Mixed_feelings
SA_Ta_652,unknown_state
SA_Ta_653,Positive
SA_Ta_654,unknown_state
SA_Ta_655,Negative
SA_Ta_656,Negative
SA_Ta_657,unknown_state
SA_Ta_658,Positive
SA_Ta_659,unknown_state
SA_Ta_660,Positive
SA_Ta_661,Positive
SA_Ta_662,Mixed_feelings
SA_Ta_663,Positive
SA_Ta_664,Mixed_feelings
SA_Ta_665,unknown_state
SA_Ta_666,Positive
SA_Ta_667,unknown_state
SA_Ta_668,Positive
SA_Ta_669,Positive
SA_Ta_670,Positive
SA_Ta_671,Positive
SA_Ta_672,Positive
SA_Ta_673,Positive
SA_Ta_674,Positive
SA_Ta_675,unknown_state
SA_Ta_676,Positive
SA_Ta_677,Positive
SA_Ta_678,Positive
SA_Ta_679,Negative
SA_Ta_680,Positive
SA_Ta_681,Positive
SA_Ta_682,Mixed_feelings
SA_Ta_683,Positive
SA_Ta_684,Positive
SA_Ta_685,Positive
SA_Ta_686,Positive
SA_Ta_687,Positive
SA_Ta_688,Positive
SA_Ta_689,Negative
SA_Ta_690,Negative
SA_Ta_691,Mixed_feelings
SA_Ta_692,Positive
SA_Ta_693,Mixed_feelings
SA_Ta_694,Positive
SA_Ta_695,Positive
SA_Ta_696,unknown_state
SA_Ta_697,Positive
SA_Ta_698,Positive
SA_Ta_699,Positive
SA_Ta_700,Mixed_feelings
SA_Ta_701,Positive
SA_Ta_702,unknown_state
SA_Ta_703,Positive
SA_Ta_704,Positive
SA_Ta_705,Positive
SA_Ta_706,Mixed_feelings
SA_Ta_707,unknown_state
SA_Ta_708,Negative
SA_Ta_709,Mixed_feelings
SA_Ta_710,Mixed_feelings
SA_Ta_711,Positive
SA_Ta_712,Positive
SA_Ta_713,Positive
SA_Ta_714,Negative
SA_Ta_715,unknown_state
SA_Ta_716,Positive
SA_Ta_717,Positive
SA_Ta_718,Positive
SA_Ta_719,unknown_state
SA_Ta_720,Mixed_feelings
SA_Ta_721,Positive
SA_Ta_722,Positive
SA_Ta_723,unknown_state
SA_Ta_724,unknown_state
SA_Ta_725,Positive
SA_Ta_726,Mixed_feelings
SA_Ta_727,unknown_state
SA_Ta_728,Mixed_feelings
SA_Ta_729,Positive
SA_Ta_730,Mixed_feelings
SA_Ta_731,Positive
SA_Ta_732,Mixed_feelings
SA_Ta_733,Negative
SA_Ta_734,Mixed_feelings
SA_Ta_735,unknown_state
SA_Ta_736,Mixed_feelings
SA_Ta_737,Positive
SA_Ta_738,Positive
SA_Ta_739,Negative
SA_Ta_740,unknown_state
SA_Ta_741,Mixed_feelings
SA_Ta_742,Mixed_feelings
SA_Ta_743,unknown_state
SA_Ta_744,Positive
SA_Ta_745,Positive
SA_Ta_746,Negative
SA_Ta_747,unknown_state
SA_Ta_748,unknown_state
SA_Ta_749,unknown_state
SA_Ta_750,Mixed_feelings
SA_Ta_751,Positive
SA_Ta_752,Positive
SA_Ta_753,Negative
SA_Ta_754,Positive
SA_Ta_755,unknown_state
SA_Ta_756,Positive
SA_Ta_757,Positive
SA_Ta_758,Positive
SA_Ta_759,Positive
SA_Ta_760,Mixed_feelings
SA_Ta_761,Positive
SA_Ta_762,Positive
SA_Ta_763,Mixed_feelings
SA_Ta_764,Positive
SA_Ta_765,Positive
SA_Ta_766,Positive
SA_Ta_767,Positive
SA_Ta_768,Positive
SA_Ta_769,Positive
SA_Ta_770,Positive
SA_Ta_771,Positive
SA_Ta_772,unknown_state
SA_Ta_773,unknown_state
SA_Ta_774,Positive
SA_Ta_775,Positive
SA_Ta_776,unknown_state
SA_Ta_777,Positive
SA_Ta_778,Positive
SA_Ta_779,Positive
SA_Ta_780,unknown_state
SA_Ta_781,Positive
SA_Ta_782,Positive
SA_Ta_783,Negative
SA_Ta_784,Positive
SA_Ta_785,unknown_state
SA_Ta_786,Positive
SA_Ta_787,Positive
SA_Ta_788,Positive
SA_Ta_789,Positive
SA_Ta_790,Positive
SA_Ta_791,Mixed_feelings
SA_Ta_792,Negative
SA_Ta_793,Positive
SA_Ta_794,Positive
SA_Ta_795,Positive
SA_Ta_796,Mixed_feelings
SA_Ta_797,unknown_state
SA_Ta_798,Mixed_feelings
SA_Ta_799,Positive
SA_Ta_800,Positive
SA_Ta_801,Mixed_feelings
SA_Ta_802,Positive
SA_Ta_803,Mixed_feelings
SA_Ta_804,Negative
SA_Ta_805,unknown_state
SA_Ta_806,Mixed_feelings
SA_Ta_807,unknown_state
SA_Ta_808,Positive
SA_Ta_809,Positive
SA_Ta_810,Negative
SA_Ta_811,Positive
SA_Ta_812,Mixed_feelings
SA_Ta_813,Negative
SA_Ta_814,unknown_state
SA_Ta_815,unknown_state
SA_Ta_816,Positive
SA_Ta_817,Positive
SA_Ta_818,Positive
SA_Ta_819,Positive
SA_Ta_820,Positive
SA_Ta_821,Positive
SA_Ta_822,Positive
SA_Ta_823,unknown_state
SA_Ta_824,Negative
SA_Ta_825,Mixed_feelings
SA_Ta_826,Negative
SA_Ta_827,unknown_state
SA_Ta_828,Positive
SA_Ta_829,Mixed_feelings
SA_Ta_830,Negative
SA_Ta_831,Mixed_feelings
SA_Ta_832,Mixed_feelings
SA_Ta_833,Negative
SA_Ta_834,unknown_state
SA_Ta_835,Positive
SA_Ta_836,Positive
SA_Ta_837,Mixed_feelings
SA_Ta_838,Positive
SA_Ta_839,Positive
SA_Ta_840,Mixed_feelings
SA_Ta_841,Positive
SA_Ta_842,Positive
SA_Ta_843,Positive
SA_Ta_844,Positive
SA_Ta_845,Positive
SA_Ta_846,Positive
SA_Ta_847,Mixed_feelings
SA_Ta_848,Positive
SA_Ta_849,Mixed_feelings
SA_Ta_850,Positive
SA_Ta_851,unknown_state
SA_Ta_852,Positive
SA_Ta_853,unknown_state
SA_Ta_854,Negative
SA_Ta_855,Positive
SA_Ta_856,unknown_state
SA_Ta_857,Negative
SA_Ta_858,Positive
SA_Ta_859,Positive
SA_Ta_860,Positive
SA_Ta_861,Positive
SA_Ta_862,Positive
SA_Ta_863,Mixed_feelings
SA_Ta_864,Positive
SA_Ta_865,Mixed_feelings
SA_Ta_866,Mixed_feelings
SA_Ta_867,Mixed_feelings
SA_Ta_868,Positive
SA_Ta_869,Positive
SA_Ta_870,Positive
SA_Ta_871,Mixed_feelings
SA_Ta_872,Positive
SA_Ta_873,Positive
SA_Ta_874,Positive
SA_Ta_875,Positive
SA_Ta_876,unknown_state
SA_Ta_877,Positive
SA_Ta_878,Positive
SA_Ta_879,Negative
SA_Ta_880,Mixed_feelings
SA_Ta_881,Mixed_feelings
SA_Ta_882,Positive
SA_Ta_883,unknown_state
SA_Ta_884,Positive
SA_Ta_885,Positive
SA_Ta_886,unknown_state
SA_Ta_887,unknown_state
SA_Ta_888,Positive
SA_Ta_889,Positive
SA_Ta_890,Negative
SA_Ta_891,Positive
SA_Ta_892,Positive
SA_Ta_893,Positive
SA_Ta_894,Negative
SA_Ta_895,Positive
SA_Ta_896,Negative
SA_Ta_897,Mixed_feelings
SA_Ta_898,Positive
SA_Ta_899,Mixed_feelings
SA_Ta_900,Positive
SA_Ta_901,Positive
SA_Ta_902,Positive
SA_Ta_903,unknown_state
SA_Ta_904,Positive
SA_Ta_905,unknown_state
SA_Ta_906,Positive
SA_Ta_907,Positive
SA_Ta_908,Mixed_feelings
SA_Ta_909,Negative
SA_Ta_910,Positive
SA_Ta_911,Positive
SA_Ta_912,unknown_state
SA_Ta_913,Positive
SA_Ta_914,Positive
SA_Ta_915,Positive
SA_Ta_916,Positive
SA_Ta_917,Mixed_feelings
SA_Ta_918,Positive
SA_Ta_919,unknown_state
SA_Ta_920,Negative
SA_Ta_921,Positive
SA_Ta_922,Positive
SA_Ta_923,Positive
SA_Ta_924,Mixed_feelings
SA_Ta_925,Positive
SA_Ta_926,Negative
SA_Ta_927,Positive
SA_Ta_928,Positive
SA_Ta_929,Positive
SA_Ta_930,unknown_state
SA_Ta_931,Positive
SA_Ta_932,Positive
SA_Ta_933,Positive
SA_Ta_934,Positive
SA_Ta_935,Mixed_feelings
SA_Ta_936,unknown_state
SA_Ta_937,Mixed_feelings
SA_Ta_938,Positive
SA_Ta_939,Positive
SA_Ta_940,Positive
SA_Ta_941,Negative
SA_Ta_942,Positive
SA_Ta_943,Positive
SA_Ta_944,unknown_state
SA_Ta_945,Positive
SA_Ta_946,Positive
SA_Ta_947,Positive
SA_Ta_948,Negative
SA_Ta_949,Positive
SA_Ta_950,Positive
SA_Ta_951,Positive
SA_Ta_952,Positive
SA_Ta_953,Positive
SA_Ta_954,Negative
SA_Ta_955,Positive
SA_Ta_956,unknown_state
SA_Ta_957,Positive
SA_Ta_958,Mixed_feelings
SA_Ta_959,Positive
SA_Ta_960,unknown_state
SA_Ta_961,Positive
SA_Ta_962,unknown_state
SA_Ta_963,Positive
SA_Ta_964,Positive
SA_Ta_965,Mixed_feelings
SA_Ta_966,Positive
SA_Ta_967,Positive
SA_Ta_968,Positive
SA_Ta_969,Positive
SA_Ta_970,Positive
SA_Ta_971,Positive
SA_Ta_972,Negative
SA_Ta_973,Positive
SA_Ta_974,Positive
SA_Ta_975,Positive
SA_Ta_976,Positive
SA_Ta_977,Positive
SA_Ta_978,Positive
SA_Ta_979,unknown_state
SA_Ta_980,Positive
SA_Ta_981,unknown_state
SA_Ta_982,Positive
SA_Ta_983,Mixed_feelings
SA_Ta_984,Mixed_feelings
SA_Ta_985,unknown_state
SA_Ta_986,Positive
SA_Ta_987,Positive
SA_Ta_988,Positive
SA_Ta_989,unknown_state
SA_Ta_990,Positive
SA_Ta_991,Positive
SA_Ta_992,Positive
SA_Ta_993,Negative
SA_Ta_994,Positive
SA_Ta_995,unknown_state
SA_Ta_996,Positive
SA_Ta_997,unknown_state
SA_Ta_998,Positive
SA_Ta_999,Positive
SA_Ta_1000,Positive
SA_Ta_1001,unknown_state
SA_Ta_1002,Positive
SA_Ta_1003,Positive
SA_Ta_1004,Positive
SA_Ta_1005,Positive
SA_Ta_1006,unknown_state
SA_Ta_1007,Positive
SA_Ta_1008,Positive
SA_Ta_1009,Mixed_feelings
SA_Ta_1010,Mixed_feelings
SA_Ta_1011,Negative
SA_Ta_1012,Mixed_feelings
SA_Ta_1013,Positive
SA_Ta_1014,Positive
SA_Ta_1015,Positive
SA_Ta_1016,Positive
SA_Ta_1017,Positive
SA_Ta_1018,Positive
SA_Ta_1019,Negative
SA_Ta_1020,unknown_state
SA_Ta_1021,unknown_state
SA_Ta_1022,Negative
SA_Ta_1023,Positive
SA_Ta_1024,Positive
SA_Ta_1025,Positive
SA_Ta_1026,Positive
SA_Ta_1027,Positive
SA_Ta_1028,Positive
SA_Ta_1029,Mixed_feelings
SA_Ta_1030,Negative
SA_Ta_1031,Positive
SA_Ta_1032,Positive
SA_Ta_1033,Positive
SA_Ta_1034,Positive
SA_Ta_1035,unknown_state
SA_Ta_1036,Mixed_feelings
SA_Ta_1037,Positive
SA_Ta_1038,Positive
SA_Ta_1039,Positive
SA_Ta_1040,Positive
SA_Ta_1041,Positive
SA_Ta_1042,Negative
SA_Ta_1043,Positive
SA_Ta_1044,Mixed_feelings
SA_Ta_1045,unknown_state
SA_Ta_1046,Positive
SA_Ta_1047,Positive
SA_Ta_1048,Mixed_feelings
SA_Ta_1049,unknown_state
SA_Ta_1050,Positive
SA_Ta_1051,Negative
SA_Ta_1052,Positive
SA_Ta_1053,Positive
SA_Ta_1054,Positive
SA_Ta_1055,Mixed_feelings
SA_Ta_1056,Positive
SA_Ta_1057,unknown_state
SA_Ta_1058,Mixed_feelings
SA_Ta_1059,Positive
SA_Ta_1060,Positive
SA_Ta_1061,Positive
SA_Ta_1062,Negative
SA_Ta_1063,unknown_state
SA_Ta_1064,Positive
SA_Ta_1065,Positive
SA_Ta_1066,Positive
SA_Ta_1067,Positive
SA_Ta_1068,Positive
SA_Ta_1069,unknown_state
SA_Ta_1070,unknown_state
SA_Ta_1071,Negative
SA_Ta_1072,Negative
SA_Ta_1073,Positive
SA_Ta_1074,unknown_state
SA_Ta_1075,Positive
SA_Ta_1076,Mixed_feelings
SA_Ta_1077,unknown_state
SA_Ta_1078,Positive
SA_Ta_1079,Positive
SA_Ta_1080,Positive
SA_Ta_1081,Negative
SA_Ta_1082,Positive
SA_Ta_1083,Positive
SA_Ta_1084,Positive
SA_Ta_1085,Positive
SA_Ta_1086,Mixed_feelings
SA_Ta_1087,Positive
SA_Ta_1088,unknown_state
SA_Ta_1089,Positive
SA_Ta_1090,Positive
SA_Ta_1091,Positive
SA_Ta_1092,Positive
SA_Ta_1093,unknown_state
SA_Ta_1094,Positive
SA_Ta_1095,Mixed_feelings
SA_Ta_1096,Positive
SA_Ta_1097,Positive
SA_Ta_1098,Mixed_feelings
SA_Ta_1099,Positive
SA_Ta_1100,Positive
SA_Ta_1101,Positive
SA_Ta_1102,Negative
SA_Ta_1103,Positive
SA_Ta_1104,Positive
SA_Ta_1105,Positive
SA_Ta_1106,unknown_state
SA_Ta_1107,Positive
SA_Ta_1108,Positive
SA_Ta_1109,Positive
SA_Ta_1110,Positive
SA_Ta_1111,unknown_state
SA_Ta_1112,Positive
SA_Ta_1113,Negative
SA_Ta_1114,Positive
SA_Ta_1115,Mixed_feelings
SA_Ta_1116,Positive
SA_Ta_1117,Negative
SA_Ta_1118,unknown_state
SA_Ta_1119,Positive
SA_Ta_1120,Positive
SA_Ta_1121,Positive
SA_Ta_1122,Positive
SA_Ta_1123,Positive
SA_Ta_1124,Positive
SA_Ta_1125,Negative
SA_Ta_1126,Positive
SA_Ta_1127,Positive
SA_Ta_1128,unknown_state
SA_Ta_1129,Positive
SA_Ta_1130,Positive
SA_Ta_1131,unknown_state
SA_Ta_1132,Positive
SA_Ta_1133,Positive
SA_Ta_1134,Positive
SA_Ta_1135,Positive
SA_Ta_1136,Positive
SA_Ta_1137,unknown_state
SA_Ta_1138,Mixed_feelings
SA_Ta_1139,Mixed_feelings
SA_Ta_1140,Negative
SA_Ta_1141,unknown_state
SA_Ta_1142,Positive
SA_Ta_1143,Positive
SA_Ta_1144,unknown_state
SA_Ta_1145,Positive
SA_Ta_1146,Positive
SA_Ta_1147,Positive
SA_Ta_1148,Positive
SA_Ta_1149,Positive
SA_Ta_1150,Positive
SA_Ta_1151,Positive
SA_Ta_1152,Positive
SA_Ta_1153,Positive
SA_Ta_1154,Positive
SA_Ta_1155,Mixed_feelings
SA_Ta_1156,unknown_state
SA_Ta_1157,Positive
SA_Ta_1158,unknown_state
SA_Ta_1159,Negative
SA_Ta_1160,unknown_state
SA_Ta_1161,Positive
SA_Ta_1162,Negative
SA_Ta_1163,Positive
SA_Ta_1164,Positive
SA_Ta_1165,Negative
SA_Ta_1166,Positive
SA_Ta_1167,Positive
SA_Ta_1168,Negative
SA_Ta_1169,Positive
SA_Ta_1170,Positive
SA_Ta_1171,Mixed_feelings
SA_Ta_1172,Negative
SA_Ta_1173,Negative
SA_Ta_1174,Mixed_feelings
SA_Ta_1175,unknown_state
SA_Ta_1176,Positive
SA_Ta_1177,Positive
SA_Ta_1178,Positive
SA_Ta_1179,Positive
SA_Ta_1180,Positive
SA_Ta_1181,Positive
SA_Ta_1182,Positive
SA_Ta_1183,Positive
SA_Ta_1184,Positive
SA_Ta_1185,Positive
SA_Ta_1186,Mixed_feelings
SA_Ta_1187,Positive
SA_Ta_1188,Positive
SA_Ta_1189,Positive
SA_Ta_1190,Positive
SA_Ta_1191,unknown_state
SA_Ta_1192,Positive
SA_Ta_1193,Positive
SA_Ta_1194,Mixed_feelings
SA_Ta_1195,Positive
SA_Ta_1196,Positive
SA_Ta_1197,Mixed_feelings
SA_Ta_1198,Positive
SA_Ta_1199,unknown_state
SA_Ta_1200,Positive
SA_Ta_1201,Positive
SA_Ta_1202,Positive
SA_Ta_1203,Positive
SA_Ta_1204,unknown_state
SA_Ta_1205,Positive
SA_Ta_1206,Mixed_feelings
SA_Ta_1207,unknown_state
SA_Ta_1208,Positive
SA_Ta_1209,Positive
SA_Ta_1210,Positive
SA_Ta_1211,Negative
SA_Ta_1212,Mixed_feelings
SA_Ta_1213,Positive
SA_Ta_1214,Positive
SA_Ta_1215,unknown_state
SA_Ta_1216,Positive
SA_Ta_1217,Positive
SA_Ta_1218,Positive
SA_Ta_1219,Positive
SA_Ta_1220,Mixed_feelings
SA_Ta_1221,Positive
SA_Ta_1222,Positive
SA_Ta_1223,Positive
SA_Ta_1224,Positive
SA_Ta_1225,Positive
SA_Ta_1226,Positive
SA_Ta_1227,Positive
SA_Ta_1228,Positive
SA_Ta_1229,unknown_state
SA_Ta_1230,Positive
SA_Ta_1231,Positive
SA_Ta_1232,Positive
SA_Ta_1233,Positive
SA_Ta_1234,unknown_state
SA_Ta_1235,Mixed_feelings
SA_Ta_1236,Mixed_feelings
SA_Ta_1237,Negative
SA_Ta_1238,unknown_state
SA_Ta_1239,Positive
SA_Ta_1240,Positive
SA_Ta_1241,Positive
SA_Ta_1242,Negative
SA_Ta_1243,Positive
SA_Ta_1244,unknown_state
SA_Ta_1245,Positive
SA_Ta_1246,Negative
SA_Ta_1247,Positive
SA_Ta_1248,Positive
SA_Ta_1249,Positive
SA_Ta_1250,Positive
SA_Ta_1251,unknown_state
SA_Ta_1252,Positive
SA_Ta_1253,unknown_state
SA_Ta_1254,unknown_state
SA_Ta_1255,unknown_state
SA_Ta_1256,Positive
SA_Ta_1257,Positive
SA_Ta_1258,Positive
SA_Ta_1259,Mixed_feelings
SA_Ta_1260,unknown_state
SA_Ta_1261,unknown_state
SA_Ta_1262,Positive
SA_Ta_1263,Negative
SA_Ta_1264,Positive
SA_Ta_1265,Mixed_feelings
SA_Ta_1266,unknown_state
SA_Ta_1267,Mixed_feelings
SA_Ta_1268,Positive
SA_Ta_1269,Negative
SA_Ta_1270,Positive
SA_Ta_1271,Positive
SA_Ta_1272,Positive
SA_Ta_1273,Positive
SA_Ta_1274,Positive
SA_Ta_1275,unknown_state
SA_Ta_1276,Mixed_feelings
SA_Ta_1277,Positive
SA_Ta_1278,Positive
SA_Ta_1279,Negative
SA_Ta_1280,Mixed_feelings
SA_Ta_1281,Positive
SA_Ta_1282,Positive
SA_Ta_1283,Positive
SA_Ta_1284,Mixed_feelings
SA_Ta_1285,Mixed_feelings
SA_Ta_1286,Positive
SA_Ta_1287,unknown_state
SA_Ta_1288,Positive
SA_Ta_1289,Positive
SA_Ta_1290,Positive
SA_Ta_1291,Positive
SA_Ta_1292,Positive
SA_Ta_1293,Positive
SA_Ta_1294,Positive
SA_Ta_1295,Positive
SA_Ta_1296,Positive
SA_Ta_1297,Positive
SA_Ta_1298,Positive
SA_Ta_1299,Positive
SA_Ta_1300,Mixed_feelings
SA_Ta_1301,unknown_state
SA_Ta_1302,Positive
SA_Ta_1303,Positive
SA_Ta_1304,Positive
SA_Ta_1305,Positive
SA_Ta_1306,Mixed_feelings
SA_Ta_1307,Positive
SA_Ta_1308,Positive
SA_Ta_1309,Mixed_feelings
SA_Ta_1310,unknown_state
SA_Ta_1311,Positive
SA_Ta_1312,Positive
SA_Ta_1313,Negative
SA_Ta_1314,Positive
SA_Ta_1315,unknown_state
SA_Ta_1316,Negative
SA_Ta_1317,unknown_state
SA_Ta_1318,unknown_state
SA_Ta_1319,Positive
SA_Ta_1320,Positive
SA_Ta_1321,Mixed_feelings
SA_Ta_1322,Positive
SA_Ta_1323,Mixed_feelings
SA_Ta_1324,Positive
SA_Ta_1325,unknown_state
SA_Ta_1326,Positive
SA_Ta_1327,Positive
SA_Ta_1328,Positive
SA_Ta_1329,Positive
SA_Ta_1330,Positive
SA_Ta_1331,Positive
SA_Ta_1332,Mixed_feelings
SA_Ta_1333,Positive
SA_Ta_1334,unknown_state
SA_Ta_1335,unknown_state
SA_Ta_1336,Positive
SA_Ta_1337,Negative
SA_Ta_1338,Positive
SA_Ta_1339,unknown_state
SA_Ta_1340,Positive
SA_Ta_1341,Positive
SA_Ta_1342,Positive
SA_Ta_1343,Positive
SA_Ta_1344,Positive
SA_Ta_1345,Positive
SA_Ta_1346,Positive
SA_Ta_1347,unknown_state
SA_Ta_1348,Positive
SA_Ta_1349,Positive
SA_Ta_1350,Mixed_feelings
SA_Ta_1351,unknown_state
SA_Ta_1352,unknown_state
SA_Ta_1353,Positive
SA_Ta_1354,Negative
SA_Ta_1355,Negative
SA_Ta_1356,Mixed_feelings
SA_Ta_1357,unknown_state
SA_Ta_1358,unknown_state
SA_Ta_1359,Positive
SA_Ta_1360,Positive
SA_Ta_1361,Positive
SA_Ta_1362,unknown_state
SA_Ta_1363,Mixed_feelings
SA_Ta_1364,Positive
SA_Ta_1365,Negative
SA_Ta_1366,Positive
SA_Ta_1367,Positive
SA_Ta_1368,Negative
SA_Ta_1369,Negative
SA_Ta_1370,Positive
SA_Ta_1371,Positive
SA_Ta_1372,Positive
SA_Ta_1373,Positive
SA_Ta_1374,Positive
SA_Ta_1375,Mixed_feelings
SA_Ta_1376,Mixed_feelings
SA_Ta_1377,Positive
SA_Ta_1378,Positive
SA_Ta_1379,Mixed_feelings
SA_Ta_1380,unknown_state
SA_Ta_1381,Positive
SA_Ta_1382,Positive
SA_Ta_1383,Positive
SA_Ta_1384,Positive
SA_Ta_1385,Positive
SA_Ta_1386,Positive
SA_Ta_1387,Positive
SA_Ta_1388,Negative
SA_Ta_1389,Positive
SA_Ta_1390,unknown_state
SA_Ta_1391,unknown_state
SA_Ta_1392,Positive
SA_Ta_1393,Positive
SA_Ta_1394,Positive
SA_Ta_1395,Positive
SA_Ta_1396,Positive
SA_Ta_1397,Positive
SA_Ta_1398,unknown_state
SA_Ta_1399,Positive
SA_Ta_1400,Mixed_feelings
SA_Ta_1401,Negative
SA_Ta_1402,unknown_state
SA_Ta_1403,unknown_state
SA_Ta_1404,Mixed_feelings
SA_Ta_1405,Positive
SA_Ta_1406,Positive
SA_Ta_1407,Positive
SA_Ta_1408,Positive
SA_Ta_1409,Positive
SA_Ta_1410,Mixed_feelings
SA_Ta_1411,Positive
SA_Ta_1412,unknown_state
SA_Ta_1413,Positive
SA_Ta_1414,Positive
SA_Ta_1415,Negative
SA_Ta_1416,Positive
SA_Ta_1417,Positive
SA_Ta_1418,unknown_state
SA_Ta_1419,Mixed_feelings
SA_Ta_1420,Positive
SA_Ta_1421,Mixed_feelings
SA_Ta_1422,Mixed_feelings
SA_Ta_1423,Negative
SA_Ta_1424,Mixed_feelings
SA_Ta_1425,Positive
SA_Ta_1426,Negative
SA_Ta_1427,Positive
SA_Ta_1428,Mixed_feelings
SA_Ta_1429,Positive
SA_Ta_1430,Positive
SA_Ta_1431,Positive
SA_Ta_1432,Negative
SA_Ta_1433,Positive
SA_Ta_1434,Positive
SA_Ta_1435,Positive
SA_Ta_1436,Mixed_feelings
SA_Ta_1437,Positive
SA_Ta_1438,Mixed_feelings
SA_Ta_1439,Negative
SA_Ta_1440,Positive
SA_Ta_1441,Positive
SA_Ta_1442,Positive
SA_Ta_1443,Positive
SA_Ta_1444,Positive
SA_Ta_1445,Positive
SA_Ta_1446,unknown_state
SA_Ta_1447,Positive
SA_Ta_1448,Positive
SA_Ta_1449,Positive
SA_Ta_1450,Positive
SA_Ta_1451,Positive
SA_Ta_1452,Positive
SA_Ta_1453,Positive
SA_Ta_1454,Negative
SA_Ta_1455,Positive
SA_Ta_1456,Positive
SA_Ta_1457,unknown_state
SA_Ta_1458,Positive
SA_Ta_1459,Positive
SA_Ta_1460,Positive
SA_Ta_1461,Positive
SA_Ta_1462,unknown_state
SA_Ta_1463,unknown_state
SA_Ta_1464,Positive
SA_Ta_1465,Positive
SA_Ta_1466,unknown_state
SA_Ta_1467,unknown_state
SA_Ta_1468,Positive
SA_Ta_1469,Mixed_feelings
SA_Ta_1470,Positive
SA_Ta_1471,Positive
SA_Ta_1472,Positive
SA_Ta_1473,Positive
SA_Ta_1474,Negative
SA_Ta_1475,Negative
SA_Ta_1476,Positive
SA_Ta_1477,unknown_state
SA_Ta_1478,Mixed_feelings
SA_Ta_1479,Positive
SA_Ta_1480,Mixed_feelings
SA_Ta_1481,Positive
SA_Ta_1482,Positive
SA_Ta_1483,Positive
SA_Ta_1484,Positive
SA_Ta_1485,unknown_state
SA_Ta_1486,Positive
SA_Ta_1487,Positive
SA_Ta_1488,Mixed_feelings
SA_Ta_1489,Positive
SA_Ta_1490,Positive
SA_Ta_1491,Negative
SA_Ta_1492,Negative
SA_Ta_1493,Mixed_feelings
SA_Ta_1494,Positive
SA_Ta_1495,Positive
SA_Ta_1496,Positive
SA_Ta_1497,Positive
SA_Ta_1498,Mixed_feelings
SA_Ta_1499,unknown_state
SA_Ta_1500,unknown_state
SA_Ta_1501,Positive
SA_Ta_1502,Negative
SA_Ta_1503,unknown_state
SA_Ta_1504,Mixed_feelings
SA_Ta_1505,Mixed_feelings
SA_Ta_1506,Positive
SA_Ta_1507,Positive
SA_Ta_1508,Positive
SA_Ta_1509,unknown_state
SA_Ta_1510,unknown_state
SA_Ta_1511,Mixed_feelings
SA_Ta_1512,Positive
SA_Ta_1513,Mixed_feelings
SA_Ta_1514,Mixed_feelings
SA_Ta_1515,unknown_state
SA_Ta_1516,Positive
SA_Ta_1517,Positive
SA_Ta_1518,Positive
SA_Ta_1519,Positive
SA_Ta_1520,unknown_state
SA_Ta_1521,Positive
SA_Ta_1522,Positive
SA_Ta_1523,Mixed_feelings
SA_Ta_1524,Positive
SA_Ta_1525,Positive
SA_Ta_1526,Mixed_feelings
SA_Ta_1527,Positive
SA_Ta_1528,Positive
SA_Ta_1529,unknown_state
SA_Ta_1530,Positive
SA_Ta_1531,Negative
SA_Ta_1532,Positive
SA_Ta_1533,Positive
SA_Ta_1534,Positive
SA_Ta_1535,Mixed_feelings
SA_Ta_1536,unknown_state
SA_Ta_1537,Negative
SA_Ta_1538,Positive
SA_Ta_1539,Mixed_feelings
SA_Ta_1540,Positive
SA_Ta_1541,Positive
SA_Ta_1542,Positive
SA_Ta_1543,Positive
SA_Ta_1544,Negative
SA_Ta_1545,Mixed_feelings
SA_Ta_1546,unknown_state
SA_Ta_1547,Mixed_feelings
SA_Ta_1548,unknown_state
SA_Ta_1549,Mixed_feelings
SA_Ta_1550,Mixed_feelings
SA_Ta_1551,Mixed_feelings
SA_Ta_1552,Mixed_feelings
SA_Ta_1553,Positive
SA_Ta_1554,Positive
SA_Ta_1555,unknown_state
SA_Ta_1556,unknown_state
SA_Ta_1557,Positive
SA_Ta_1558,Positive
SA_Ta_1559,Positive
SA_Ta_1560,Positive
SA_Ta_1561,Positive
SA_Ta_1562,Mixed_feelings
SA_Ta_1563,Mixed_feelings
SA_Ta_1564,Positive
SA_Ta_1565,Positive
SA_Ta_1566,Positive
SA_Ta_1567,unknown_state
SA_Ta_1568,Positive
SA_Ta_1569,Positive
SA_Ta_1570,unknown_state
SA_Ta_1571,Positive
SA_Ta_1572,Negative
SA_Ta_1573,unknown_state
SA_Ta_1574,Positive
SA_Ta_1575,Positive
SA_Ta_1576,unknown_state
SA_Ta_1577,Positive
SA_Ta_1578,Negative
SA_Ta_1579,Positive
SA_Ta_1580,Positive
SA_Ta_1581,Positive
SA_Ta_1582,unknown_state
SA_Ta_1583,Mixed_feelings
SA_Ta_1584,Positive
SA_Ta_1585,Negative
SA_Ta_1586,Positive
SA_Ta_1587,Positive
SA_Ta_1588,Positive
SA_Ta_1589,Positive
SA_Ta_1590,Positive
SA_Ta_1591,Mixed_feelings
SA_Ta_1592,Positive
SA_Ta_1593,unknown_state
SA_Ta_1594,Negative
SA_Ta_1595,Positive
SA_Ta_1596,Positive
SA_Ta_1597,Positive
SA_Ta_1598,Positive
SA_Ta_1599,Positive
SA_Ta_1600,Positive
SA_Ta_1601,Mixed_feelings
SA_Ta_1602,Mixed_feelings
SA_Ta_1603,Positive
SA_Ta_1604,Mixed_feelings
SA_Ta_1605,Negative
SA_Ta_1606,Positive
SA_Ta_1607,Mixed_feelings
SA_Ta_1608,unknown_state
SA_Ta_1609,Mixed_feelings
SA_Ta_1610,unknown_state
SA_Ta_1611,unknown_state
SA_Ta_1612,Positive
SA_Ta_1613,Positive
SA_Ta_1614,Positive
SA_Ta_1615,Positive
SA_Ta_1616,unknown_state
SA_Ta_1617,Positive
SA_Ta_1618,unknown_state
SA_Ta_1619,Positive
SA_Ta_1620,Positive
SA_Ta_1621,Positive
SA_Ta_1622,unknown_state
SA_Ta_1623,Positive
SA_Ta_1624,unknown_state
SA_Ta_1625,Positive
SA_Ta_1626,Positive
SA_Ta_1627,Positive
SA_Ta_1628,Positive
SA_Ta_1629,unknown_state
SA_Ta_1630,Negative
SA_Ta_1631,Positive
SA_Ta_1632,Mixed_feelings
SA_Ta_1633,Positive
SA_Ta_1634,unknown_state
SA_Ta_1635,Positive
SA_Ta_1636,Positive
SA_Ta_1637,Mixed_feelings
SA_Ta_1638,Positive
SA_Ta_1639,unknown_state
SA_Ta_1640,Positive
SA_Ta_1641,Mixed_feelings
SA_Ta_1642,Positive
SA_Ta_1643,unknown_state
SA_Ta_1644,Positive
SA_Ta_1645,unknown_state
SA_Ta_1646,unknown_state
SA_Ta_1647,Positive
SA_Ta_1648,Positive
SA_Ta_1649,unknown_state
SA_Ta_1650,Positive
SA_Ta_1651,Positive
SA_Ta_1652,unknown_state
SA_Ta_1653,Positive
SA_Ta_1654,Positive
SA_Ta_1655,Mixed_feelings
SA_Ta_1656,Positive
SA_Ta_1657,Positive
SA_Ta_1658,Mixed_feelings
SA_Ta_1659,Positive
SA_Ta_1660,unknown_state
SA_Ta_1661,unknown_state
SA_Ta_1662,Negative
SA_Ta_1663,Negative
SA_Ta_1664,unknown_state
SA_Ta_1665,Mixed_feelings
SA_Ta_1666,unknown_state
SA_Ta_1667,Positive
SA_Ta_1668,Positive
SA_Ta_1669,Positive
SA_Ta_1670,Positive
SA_Ta_1671,Negative
SA_Ta_1672,Positive
SA_Ta_1673,Positive
SA_Ta_1674,Positive
SA_Ta_1675,Mixed_feelings
SA_Ta_1676,Positive
SA_Ta_1677,Positive
SA_Ta_1678,Mixed_feelings
SA_Ta_1679,Positive
SA_Ta_1680,Negative
SA_Ta_1681,unknown_state
SA_Ta_1682,Positive
SA_Ta_1683,Positive
SA_Ta_1684,Positive
SA_Ta_1685,Mixed_feelings
SA_Ta_1686,Positive
SA_Ta_1687,Positive
SA_Ta_1688,Positive
SA_Ta_1689,Negative
SA_Ta_1690,Positive
SA_Ta_1691,Positive
SA_Ta_1692,Positive
SA_Ta_1693,Positive
SA_Ta_1694,Positive
SA_Ta_1695,Positive
SA_Ta_1696,unknown_state
SA_Ta_1697,Positive
SA_Ta_1698,Positive
SA_Ta_1699,Positive
SA_Ta_1700,Mixed_feelings
SA_Ta_1701,unknown_state
SA_Ta_1702,unknown_state
SA_Ta_1703,Negative
SA_Ta_1704,Positive
SA_Ta_1705,Positive
SA_Ta_1706,Positive
SA_Ta_1707,Mixed_feelings
SA_Ta_1708,unknown_state
SA_Ta_1709,Positive
SA_Ta_1710,Positive
SA_Ta_1711,Negative
SA_Ta_1712,Mixed_feelings
SA_Ta_1713,Positive
SA_Ta_1714,Positive
SA_Ta_1715,Positive
SA_Ta_1716,Positive
SA_Ta_1717,Negative
SA_Ta_1718,Positive
SA_Ta_1719,Positive
SA_Ta_1720,Positive
SA_Ta_1721,Mixed_feelings
SA_Ta_1722,Mixed_feelings
SA_Ta_1723,Negative
SA_Ta_1724,Positive
SA_Ta_1725,Positive
SA_Ta_1726,Positive
SA_Ta_1727,Negative
SA_Ta_1728,Mixed_feelings
SA_Ta_1729,Positive
SA_Ta_1730,Mixed_feelings
SA_Ta_1731,Positive
SA_Ta_1732,Positive
SA_Ta_1733,Positive
SA_Ta_1734,Positive
SA_Ta_1735,Negative
SA_Ta_1736,Positive
SA_Ta_1737,Negative
SA_Ta_1738,unknown_state
SA_Ta_1739,Positive
SA_Ta_1740,unknown_state
SA_Ta_1741,Mixed_feelings
SA_Ta_1742,Positive
SA_Ta_1743,Positive
SA_Ta_1744,Positive
SA_Ta_1745,Positive
SA_Ta_1746,unknown_state
SA_Ta_1747,Mixed_feelings
SA_Ta_1748,unknown_state
SA_Ta_1749,unknown_state
SA_Ta_1750,Positive
SA_Ta_1751,Negative
SA_Ta_1752,Positive
SA_Ta_1753,Positive
SA_Ta_1754,Negative
SA_Ta_1755,Negative
SA_Ta_1756,unknown_state
SA_Ta_1757,Positive
SA_Ta_1758,Positive
SA_Ta_1759,Mixed_feelings
SA_Ta_1760,Negative
SA_Ta_1761,Positive
SA_Ta_1762,Positive
SA_Ta_1763,Positive
SA_Ta_1764,Positive
SA_Ta_1765,Negative
SA_Ta_1766,unknown_state
SA_Ta_1767,Positive
SA_Ta_1768,Positive
SA_Ta_1769,Positive
SA_Ta_1770,Positive
SA_Ta_1771,Positive
SA_Ta_1772,unknown_state
SA_Ta_1773,Positive
SA_Ta_1774,Mixed_feelings
SA_Ta_1775,Positive
SA_Ta_1776,Positive
SA_Ta_1777,Positive
SA_Ta_1778,Positive
SA_Ta_1779,Positive
SA_Ta_1780,Positive
SA_Ta_1781,Mixed_feelings
SA_Ta_1782,Positive
SA_Ta_1783,Positive
SA_Ta_1784,Positive
SA_Ta_1785,Positive
SA_Ta_1786,Positive
SA_Ta_1787,Mixed_feelings
SA_Ta_1788,Negative
SA_Ta_1789,unknown_state
SA_Ta_1790,Positive
SA_Ta_1791,unknown_state
SA_Ta_1792,Positive
SA_Ta_1793,Positive
SA_Ta_1794,Mixed_feelings
SA_Ta_1795,unknown_state
SA_Ta_1796,Positive
SA_Ta_1797,Positive
SA_Ta_1798,Positive
SA_Ta_1799,Positive
SA_Ta_1800,Positive
SA_Ta_1801,Positive
SA_Ta_1802,Positive
SA_Ta_1803,Positive
SA_Ta_1804,Positive
SA_Ta_1805,Positive
SA_Ta_1806,Positive
SA_Ta_1807,Positive
SA_Ta_1808,Positive
SA_Ta_1809,Negative
SA_Ta_1810,Positive
SA_Ta_1811,Mixed_feelings
SA_Ta_1812,Positive
SA_Ta_1813,unknown_state
SA_Ta_1814,Positive
SA_Ta_1815,Positive
SA_Ta_1816,Positive
SA_Ta_1817,Positive
SA_Ta_1818,Positive
SA_Ta_1819,Positive
SA_Ta_1820,unknown_state
SA_Ta_1821,Positive
SA_Ta_1822,Positive
SA_Ta_1823,unknown_state
SA_Ta_1824,Positive
SA_Ta_1825,Positive
SA_Ta_1826,Positive
SA_Ta_1827,Mixed_feelings
SA_Ta_1828,unknown_state
SA_Ta_1829,Positive
SA_Ta_1830,Negative
SA_Ta_1831,Positive
SA_Ta_1832,Positive
SA_Ta_1833,Negative
SA_Ta_1834,unknown_state
SA_Ta_1835,Positive
SA_Ta_1836,unknown_state
SA_Ta_1837,Mixed_feelings
SA_Ta_1838,Positive
SA_Ta_1839,unknown_state
SA_Ta_1840,Positive
SA_Ta_1841,Positive
SA_Ta_1842,Positive
SA_Ta_1843,Positive
SA_Ta_1844,Positive
SA_Ta_1845,Positive
SA_Ta_1846,Positive
SA_Ta_1847,Positive
SA_Ta_1848,Negative
SA_Ta_1849,unknown_state
SA_Ta_1850,unknown_state
SA_Ta_1851,unknown_state
SA_Ta_1852,Positive
SA_Ta_1853,unknown_state
SA_Ta_1854,Positive
SA_Ta_1855,Positive
SA_Ta_1856,Positive
SA_Ta_1857,Negative
SA_Ta_1858,Positive
SA_Ta_1859,Mixed_feelings
SA_Ta_1860,Positive
SA_Ta_1861,Mixed_feelings
SA_Ta_1862,unknown_state
SA_Ta_1863,Positive
SA_Ta_1864,unknown_state
SA_Ta_1865,Mixed_feelings
SA_Ta_1866,Negative
SA_Ta_1867,Positive
SA_Ta_1868,unknown_state
SA_Ta_1869,Positive
SA_Ta_1870,Positive
SA_Ta_1871,Mixed_feelings
SA_Ta_1872,Positive
SA_Ta_1873,unknown_state
SA_Ta_1874,unknown_state
SA_Ta_1875,Negative
SA_Ta_1876,Positive
SA_Ta_1877,Positive
SA_Ta_1878,Positive
SA_Ta_1879,Positive
SA_Ta_1880,Positive
SA_Ta_1881,Positive
SA_Ta_1882,unknown_state
SA_Ta_1883,Mixed_feelings
SA_Ta_1884,Positive
SA_Ta_1885,Positive
SA_Ta_1886,Mixed_feelings
SA_Ta_1887,Positive
SA_Ta_1888,Positive
SA_Ta_1889,Positive
SA_Ta_1890,unknown_state
SA_Ta_1891,Positive
SA_Ta_1892,Mixed_feelings
SA_Ta_1893,Positive
SA_Ta_1894,Positive
SA_Ta_1895,Mixed_feelings
SA_Ta_1896,unknown_state
SA_Ta_1897,Negative
SA_Ta_1898,Positive
SA_Ta_1899,unknown_state
SA_Ta_1900,unknown_state
SA_Ta_1901,Positive
SA_Ta_1902,unknown_state
SA_Ta_1903,Negative
SA_Ta_1904,Positive
SA_Ta_1905,Mixed_feelings
SA_Ta_1906,Positive
SA_Ta_1907,Positive
SA_Ta_1908,unknown_state
SA_Ta_1909,unknown_state
SA_Ta_1910,Negative
SA_Ta_1911,unknown_state
SA_Ta_1912,unknown_state
SA_Ta_1913,Positive
SA_Ta_1914,unknown_state
SA_Ta_1915,Negative
SA_Ta_1916,unknown_state
SA_Ta_1917,unknown_state
SA_Ta_1918,Negative
SA_Ta_1919,unknown_state
SA_Ta_1920,Negative
SA_Ta_1921,unknown_state
SA_Ta_1922,Positive
SA_Ta_1923,unknown_state
SA_Ta_1924,Positive
SA_Ta_1925,Mixed_feelings
SA_Ta_1926,Positive
SA_Ta_1927,Positive
SA_Ta_1928,unknown_state
SA_Ta_1929,Positive
SA_Ta_1930,Mixed_feelings
SA_Ta_1931,Positive
SA_Ta_1932,Mixed_feelings
SA_Ta_1933,Positive
SA_Ta_1934,unknown_state
SA_Ta_1935,Mixed_feelings
SA_Ta_1936,Mixed_feelings
SA_Ta_1937,Positive
SA_Ta_1938,Mixed_feelings
SA_Ta_1939,Positive
SA_Ta_1940,Positive
SA_Ta_1941,Positive
SA_Ta_1942,unknown_state
SA_Ta_1943,Positive
SA_Ta_1944,Positive
SA_Ta_1945,Positive
SA_Ta_1946,Positive
SA_Ta_1947,Positive
SA_Ta_1948,Positive
SA_Ta_1949,Positive
SA_Ta_1950,Positive
SA_Ta_1951,Negative
SA_Ta_1952,Positive
SA_Ta_1953,Positive
SA_Ta_1954,Positive
SA_Ta_1955,Positive
SA_Ta_1956,Positive
SA_Ta_1957,Positive
SA_Ta_1958,unknown_state
SA_Ta_1959,Positive
SA_Ta_1960,Negative
SA_Ta_1961,Positive
SA_Ta_1962,unknown_state
SA_Ta_1963,Negative
SA_Ta_1964,Positive
SA_Ta_1965,Mixed_feelings
SA_Ta_1966,Positive
SA_Ta_1967,Positive
SA_Ta_1968,unknown_state
SA_Ta_1969,Negative
SA_Ta_1970,Positive
SA_Ta_1971,unknown_state
SA_Ta_1972,unknown_state
SA_Ta_1973,Mixed_feelings
SA_Ta_1974,Positive
SA_Ta_1975,Positive
SA_Ta_1976,Positive
SA_Ta_1977,Mixed_feelings
SA_Ta_1978,Positive
SA_Ta_1979,Positive
SA_Ta_1980,Positive
SA_Ta_1981,unknown_state
SA_Ta_1982,Negative
SA_Ta_1983,Negative
SA_Ta_1984,unknown_state
SA_Ta_1985,Negative
SA_Ta_1986,Positive
SA_Ta_1987,Positive
SA_Ta_1988,Positive
SA_Ta_1989,Negative
SA_Ta_1990,Positive
SA_Ta_1991,Positive
SA_Ta_1992,unknown_state
SA_Ta_1993,Mixed_feelings
SA_Ta_1994,Positive
SA_Ta_1995,Positive
SA_Ta_1996,Positive
SA_Ta_1997,Positive
SA_Ta_1998,Negative
SA_Ta_1999,Mixed_feelings
SA_Ta_2000,Mixed_feelings
SA_Ta_2001,unknown_state
SA_Ta_2002,Positive
SA_Ta_2003,Positive
SA_Ta_2004,Mixed_feelings
SA_Ta_2005,Positive
SA_Ta_2006,Positive
SA_Ta_2007,unknown_state
SA_Ta_2008,unknown_state
SA_Ta_2009,Negative
SA_Ta_2010,Positive
SA_Ta_2011,unknown_state
SA_Ta_2012,Mixed_feelings
SA_Ta_2013,Positive
SA_Ta_2014,Positive
SA_Ta_2015,Positive
SA_Ta_2016,Positive
SA_Ta_2017,Positive
SA_Ta_2018,Positive
SA_Ta_2019,Positive
SA_Ta_2020,Positive
SA_Ta_2021,Positive
SA_Ta_2022,Positive
SA_Ta_2023,Positive
SA_Ta_2024,Positive
SA_Ta_2025,Positive
SA_Ta_2026,Positive
SA_Ta_2027,Positive
SA_Ta_2028,Positive
SA_Ta_2029,Positive
SA_Ta_2030,unknown_state
SA_Ta_2031,Positive
SA_Ta_2032,Positive
SA_Ta_2033,unknown_state
SA_Ta_2034,Positive
SA_Ta_2035,Positive
SA_Ta_2036,unknown_state
SA_Ta_2037,Positive
SA_Ta_2038,Positive
SA_Ta_2039,Positive
SA_Ta_2040,Mixed_feelings
SA_Ta_2041,unknown_state
SA_Ta_2042,Positive
SA_Ta_2043,Positive
SA_Ta_2044,Mixed_feelings
SA_Ta_2045,Positive
SA_Ta_2046,unknown_state
SA_Ta_2047,unknown_state
SA_Ta_2048,Negative
SA_Ta_2049,Positive
SA_Ta_2050,Positive
SA_Ta_2051,Positive
SA_Ta_2052,Positive
SA_Ta_2053,unknown_state
SA_Ta_2054,Positive
SA_Ta_2055,Positive
SA_Ta_2056,Positive
SA_Ta_2057,Mixed_feelings
SA_Ta_2058,Mixed_feelings
SA_Ta_2059,Positive
SA_Ta_2060,Positive
SA_Ta_2061,Positive
SA_Ta_2062,unknown_state
SA_Ta_2063,Positive
SA_Ta_2064,unknown_state
SA_Ta_2065,Positive
SA_Ta_2066,Positive
SA_Ta_2067,Positive
SA_Ta_2068,unknown_state
SA_Ta_2069,Positive
SA_Ta_2070,unknown_state
SA_Ta_2071,Positive
SA_Ta_2072,unknown_state
SA_Ta_2073,Positive
SA_Ta_2074,unknown_state
SA_Ta_2075,Mixed_feelings
SA_Ta_2076,Positive
SA_Ta_2077,Positive
SA_Ta_2078,unknown_state
SA_Ta_2079,Mixed_feelings
SA_Ta_2080,Positive
SA_Ta_2081,Positive
SA_Ta_2082,Positive
SA_Ta_2083,unknown_state
SA_Ta_2084,Positive
SA_Ta_2085,Positive
SA_Ta_2086,Positive
SA_Ta_2087,Positive
SA_Ta_2088,Positive
SA_Ta_2089,Positive
SA_Ta_2090,Positive
SA_Ta_2091,Positive
SA_Ta_2092,Positive
SA_Ta_2093,Positive
SA_Ta_2094,Positive
SA_Ta_2095,unknown_state
SA_Ta_2096,Negative
SA_Ta_2097,Positive
SA_Ta_2098,Positive
SA_Ta_2099,Mixed_feelings
SA_Ta_2100,Positive
SA_Ta_2101,Positive
SA_Ta_2102,Positive
SA_Ta_2103,Negative
SA_Ta_2104,unknown_state
SA_Ta_2105,Negative
SA_Ta_2106,Positive
SA_Ta_2107,unknown_state
SA_Ta_2108,Positive
SA_Ta_2109,Positive
SA_Ta_2110,Mixed_feelings
SA_Ta_2111,Positive
SA_Ta_2112,Positive
SA_Ta_2113,unknown_state
SA_Ta_2114,Negative
SA_Ta_2115,Positive
SA_Ta_2116,Positive
SA_Ta_2117,Positive
SA_Ta_2118,Mixed_feelings
SA_Ta_2119,Negative
SA_Ta_2120,Positive
SA_Ta_2121,unknown_state
SA_Ta_2122,Positive
SA_Ta_2123,unknown_state
SA_Ta_2124,Positive
SA_Ta_2125,Positive
SA_Ta_2126,Positive
SA_Ta_2127,unknown_state
SA_Ta_2128,unknown_state
SA_Ta_2129,Mixed_feelings
SA_Ta_2130,Positive
SA_Ta_2131,Positive
SA_Ta_2132,Positive
SA_Ta_2133,Positive
SA_Ta_2134,Mixed_feelings
SA_Ta_2135,Mixed_feelings
SA_Ta_2136,Negative
SA_Ta_2137,Positive
SA_Ta_2138,Positive
SA_Ta_2139,Positive
SA_Ta_2140,unknown_state
SA_Ta_2141,unknown_state
SA_Ta_2142,Positive
SA_Ta_2143,Positive
SA_Ta_2144,Positive
SA_Ta_2145,Positive
SA_Ta_2146,Positive
SA_Ta_2147,Positive
SA_Ta_2148,Negative
SA_Ta_2149,Positive
SA_Ta_2150,Positive
SA_Ta_2151,unknown_state
SA_Ta_2152,Negative
SA_Ta_2153,Positive
SA_Ta_2154,Positive
SA_Ta_2155,Positive
SA_Ta_2156,Positive
SA_Ta_2157,Positive
SA_Ta_2158,unknown_state
SA_Ta_2159,Mixed_feelings
SA_Ta_2160,Positive
SA_Ta_2161,Positive
SA_Ta_2162,Positive
SA_Ta_2163,Negative
SA_Ta_2164,unknown_state
SA_Ta_2165,Positive
SA_Ta_2166,Positive
SA_Ta_2167,Positive
SA_Ta_2168,Positive
SA_Ta_2169,Mixed_feelings
SA_Ta_2170,Positive
SA_Ta_2171,Positive
SA_Ta_2172,Negative
SA_Ta_2173,Positive
SA_Ta_2174,unknown_state
SA_Ta_2175,unknown_state
SA_Ta_2176,unknown_state
SA_Ta_2177,Positive
SA_Ta_2178,Positive
SA_Ta_2179,Positive
SA_Ta_2180,Positive
SA_Ta_2181,Positive
SA_Ta_2182,Positive
SA_Ta_2183,Positive
SA_Ta_2184,Negative
SA_Ta_2185,Positive
SA_Ta_2186,Negative
SA_Ta_2187,unknown_state
SA_Ta_2188,Mixed_feelings
SA_Ta_2189,Positive
SA_Ta_2190,Positive
SA_Ta_2191,Mixed_feelings
SA_Ta_2192,unknown_state
SA_Ta_2193,Negative
SA_Ta_2194,Positive
SA_Ta_2195,Positive
SA_Ta_2196,Positive
SA_Ta_2197,Positive
SA_Ta_2198,Positive
SA_Ta_2199,Negative
SA_Ta_2200,unknown_state
SA_Ta_2201,unknown_state
SA_Ta_2202,Mixed_feelings
SA_Ta_2203,Positive
SA_Ta_2204,Positive
SA_Ta_2205,Positive
SA_Ta_2206,Positive
SA_Ta_2207,Negative
SA_Ta_2208,Positive
SA_Ta_2209,Positive
SA_Ta_2210,Positive
SA_Ta_2211,Positive
SA_Ta_2212,Positive
SA_Ta_2213,Negative
SA_Ta_2214,Positive
SA_Ta_2215,Negative
SA_Ta_2216,unknown_state
SA_Ta_2217,unknown_state
SA_Ta_2218,Negative
SA_Ta_2219,Positive
SA_Ta_2220,unknown_state
SA_Ta_2221,unknown_state
SA_Ta_2222,Positive
SA_Ta_2223,Mixed_feelings
SA_Ta_2224,Positive
SA_Ta_2225,Positive
SA_Ta_2226,unknown_state
SA_Ta_2227,unknown_state
SA_Ta_2228,Positive
SA_Ta_2229,Positive
SA_Ta_2230,Positive
SA_Ta_2231,Positive
SA_Ta_2232,Positive
SA_Ta_2233,Positive
SA_Ta_2234,Positive
SA_Ta_2235,Positive
SA_Ta_2236,Positive
SA_Ta_2237,Positive
SA_Ta_2238,Negative
SA_Ta_2239,Positive
SA_Ta_2240,Negative
SA_Ta_2241,Positive
SA_Ta_2242,unknown_state
SA_Ta_2243,Positive
SA_Ta_2244,unknown_state
SA_Ta_2245,Positive
SA_Ta_2246,Positive
SA_Ta_2247,Positive
SA_Ta_2248,Mixed_feelings
SA_Ta_2249,Positive
SA_Ta_2250,Positive
SA_Ta_2251,Negative
SA_Ta_2252,unknown_state
SA_Ta_2253,unknown_state
SA_Ta_2254,Positive
SA_Ta_2255,Positive
SA_Ta_2256,unknown_state
SA_Ta_2257,unknown_state
SA_Ta_2258,Mixed_feelings
SA_Ta_2259,Positive
SA_Ta_2260,Positive
SA_Ta_2261,Positive
SA_Ta_2262,Positive
SA_Ta_2263,Negative
SA_Ta_2264,Positive
SA_Ta_2265,Positive
SA_Ta_2266,unknown_state
SA_Ta_2267,unknown_state
SA_Ta_2268,Positive
SA_Ta_2269,Negative
SA_Ta_2270,unknown_state
SA_Ta_2271,Positive
SA_Ta_2272,Positive
SA_Ta_2273,Mixed_feelings
SA_Ta_2274,unknown_state
SA_Ta_2275,Negative
SA_Ta_2276,Positive
SA_Ta_2277,unknown_state
SA_Ta_2278,unknown_state
SA_Ta_2279,unknown_state
SA_Ta_2280,Positive
SA_Ta_2281,Positive
SA_Ta_2282,Mixed_feelings
SA_Ta_2283,Positive
SA_Ta_2284,Positive
SA_Ta_2285,Positive
SA_Ta_2286,Positive
SA_Ta_2287,Positive
SA_Ta_2288,Positive
SA_Ta_2289,Positive
SA_Ta_2290,Positive
SA_Ta_2291,Positive
SA_Ta_2292,unknown_state
SA_Ta_2293,Positive
SA_Ta_2294,Positive
SA_Ta_2295,unknown_state
SA_Ta_2296,unknown_state
SA_Ta_2297,Mixed_feelings
SA_Ta_2298,Positive
SA_Ta_2299,Positive
SA_Ta_2300,Positive
SA_Ta_2301,Positive
SA_Ta_2302,Mixed_feelings
SA_Ta_2303,Positive
SA_Ta_2304,unknown_state
SA_Ta_2305,Positive
SA_Ta_2306,Positive
SA_Ta_2307,Positive
SA_Ta_2308,Positive
SA_Ta_2309,Positive
SA_Ta_2310,Mixed_feelings
SA_Ta_2311,Mixed_feelings
SA_Ta_2312,Positive
SA_Ta_2313,Positive
SA_Ta_2314,Negative
SA_Ta_2315,Positive
SA_Ta_2316,Positive
SA_Ta_2317,Positive
SA_Ta_2318,Positive
SA_Ta_2319,unknown_state
SA_Ta_2320,Positive
SA_Ta_2321,unknown_state
SA_Ta_2322,Positive
SA_Ta_2323,Positive
SA_Ta_2324,Positive
SA_Ta_2325,Positive
SA_Ta_2326,Positive
SA_Ta_2327,Positive
SA_Ta_2328,Positive
SA_Ta_2329,Positive
SA_Ta_2330,Positive
SA_Ta_2331,Negative
SA_Ta_2332,Negative
SA_Ta_2333,Mixed_feelings
SA_Ta_2334,Positive
SA_Ta_2335,Mixed_feelings
SA_Ta_2336,Negative
SA_Ta_2337,unknown_state
SA_Ta_2338,Positive
SA_Ta_2339,Negative
SA_Ta_2340,unknown_state
SA_Ta_2341,Mixed_feelings
SA_Ta_2342,Positive
SA_Ta_2343,unknown_state
SA_Ta_2344,Positive
SA_Ta_2345,unknown_state
SA_Ta_2346,Positive
SA_Ta_2347,Mixed_feelings
SA_Ta_2348,Positive
SA_Ta_2349,Positive
SA_Ta_2350,Positive
SA_Ta_2351,Positive
SA_Ta_2352,Positive
SA_Ta_2353,unknown_state
SA_Ta_2354,Positive
SA_Ta_2355,Negative
SA_Ta_2356,unknown_state
SA_Ta_2357,unknown_state
SA_Ta_2358,Mixed_feelings
SA_Ta_2359,Negative
SA_Ta_2360,Positive
SA_Ta_2361,Positive
SA_Ta_2362,Positive
SA_Ta_2363,Positive
SA_Ta_2364,Positive
SA_Ta_2365,Negative
SA_Ta_2366,Positive
SA_Ta_2367,Positive
SA_Ta_2368,Negative
SA_Ta_2369,Positive
SA_Ta_2370,unknown_state
SA_Ta_2371,Positive
SA_Ta_2372,Positive
SA_Ta_2373,Mixed_feelings
SA_Ta_2374,Positive
SA_Ta_2375,Positive
SA_Ta_2376,Positive
SA_Ta_2377,Negative
SA_Ta_2378,Positive
SA_Ta_2379,Mixed_feelings
SA_Ta_2380,Positive
SA_Ta_2381,Negative
SA_Ta_2382,unknown_state
SA_Ta_2383,unknown_state
SA_Ta_2384,Positive
SA_Ta_2385,Mixed_feelings
SA_Ta_2386,Negative
SA_Ta_2387,Negative
SA_Ta_2388,Positive
SA_Ta_2389,Positive
SA_Ta_2390,Positive
SA_Ta_2391,Positive
SA_Ta_2392,Positive
SA_Ta_2393,Positive
SA_Ta_2394,Positive
SA_Ta_2395,Positive
SA_Ta_2396,Mixed_feelings
SA_Ta_2397,Positive
SA_Ta_2398,Positive
SA_Ta_2399,Positive
SA_Ta_2400,Positive
SA_Ta_2401,Mixed_feelings
SA_Ta_2402,Mixed_feelings
SA_Ta_2403,Negative
SA_Ta_2404,Mixed_feelings
SA_Ta_2405,Positive
SA_Ta_2406,Positive
SA_Ta_2407,Positive
SA_Ta_2408,Mixed_feelings
SA_Ta_2409,Positive
SA_Ta_2410,Negative
SA_Ta_2411,Mixed_feelings
SA_Ta_2412,Positive
SA_Ta_2413,Positive
SA_Ta_2414,unknown_state
SA_Ta_2415,Positive
SA_Ta_2416,Negative
SA_Ta_2417,Positive
SA_Ta_2418,Positive
SA_Ta_2419,Positive
SA_Ta_2420,unknown_state
SA_Ta_2421,Positive
SA_Ta_2422,Negative
SA_Ta_2423,Positive
SA_Ta_2424,Mixed_feelings
SA_Ta_2425,unknown_state
SA_Ta_2426,Positive
SA_Ta_2427,Positive
SA_Ta_2428,unknown_state
SA_Ta_2429,Positive
SA_Ta_2430,Positive
SA_Ta_2431,Positive
SA_Ta_2432,Negative
SA_Ta_2433,Positive
SA_Ta_2434,Positive
SA_Ta_2435,Negative
SA_Ta_2436,Positive
SA_Ta_2437,Positive
SA_Ta_2438,Positive
SA_Ta_2439,Positive
SA_Ta_2440,unknown_state
SA_Ta_2441,Mixed_feelings
SA_Ta_2442,unknown_state
SA_Ta_2443,Positive
SA_Ta_2444,unknown_state
SA_Ta_2445,Negative
SA_Ta_2446,Positive
SA_Ta_2447,Positive
SA_Ta_2448,Positive
SA_Ta_2449,Positive
SA_Ta_2450,Mixed_feelings
SA_Ta_2451,Positive
SA_Ta_2452,unknown_state
SA_Ta_2453,Positive
SA_Ta_2454,Positive
SA_Ta_2455,unknown_state
SA_Ta_2456,Positive
SA_Ta_2457,Positive
SA_Ta_2458,Positive
SA_Ta_2459,Mixed_feelings
SA_Ta_2460,Positive
SA_Ta_2461,Positive
SA_Ta_2462,Positive
SA_Ta_2463,unknown_state
SA_Ta_2464,unknown_state
SA_Ta_2465,Positive
SA_Ta_2466,Positive
SA_Ta_2467,Positive
SA_Ta_2468,unknown_state
SA_Ta_2469,Positive
SA_Ta_2470,Positive
SA_Ta_2471,Positive
SA_Ta_2472,Positive
SA_Ta_2473,Negative
SA_Ta_2474,Positive
SA_Ta_2475,Positive
SA_Ta_2476,Positive
SA_Ta_2477,Mixed_feelings
SA_Ta_2478,Positive
SA_Ta_2479,unknown_state
SA_Ta_2480,Positive
SA_Ta_2481,Positive
SA_Ta_2482,Positive
SA_Ta_2483,Positive
SA_Ta_2484,unknown_state
SA_Ta_2485,Positive
SA_Ta_2486,Positive
SA_Ta_2487,Positive
SA_Ta_2488,Positive
SA_Ta_2489,unknown_state
SA_Ta_2490,Negative
SA_Ta_2491,Positive
SA_Ta_2492,unknown_state
SA_Ta_2493,Positive
SA_Ta_2494,Positive
SA_Ta_2495,Positive
SA_Ta_2496,unknown_state
SA_Ta_2497,Positive
SA_Ta_2498,Positive
SA_Ta_2499,Positive
SA_Ta_2500,Positive
SA_Ta_2501,Positive
SA_Ta_2502,Positive
SA_Ta_2503,unknown_state
SA_Ta_2504,Positive
SA_Ta_2505,Negative
SA_Ta_2506,Positive
SA_Ta_2507,Positive
SA_Ta_2508,Positive
SA_Ta_2509,Positive
SA_Ta_2510,Positive
SA_Ta_2511,Positive
SA_Ta_2512,Mixed_feelings
SA_Ta_2513,Positive
SA_Ta_2514,Negative
SA_Ta_2515,Mixed_feelings
SA_Ta_2516,Positive
SA_Ta_2517,Positive
SA_Ta_2518,unknown_state
SA_Ta_2519,Positive
SA_Ta_2520,Positive
SA_Ta_2521,unknown_state
SA_Ta_2522,Mixed_feelings
SA_Ta_2523,Positive
SA_Ta_2524,Positive
SA_Ta_2525,Positive
SA_Ta_2526,Positive
SA_Ta_2527,Negative
SA_Ta_2528,Mixed_feelings
SA_Ta_2529,Positive
SA_Ta_2530,unknown_state
SA_Ta_2531,unknown_state
SA_Ta_2532,unknown_state
SA_Ta_2533,Positive
SA_Ta_2534,Negative
SA_Ta_2535,Positive
SA_Ta_2536,Positive
SA_Ta_2537,Positive
SA_Ta_2538,Positive
SA_Ta_2539,unknown_state
SA_Ta_2540,unknown_state
SA_Ta_2541,Positive
SA_Ta_2542,Negative
SA_Ta_2543,Mixed_feelings
SA_Ta_2544,Positive
SA_Ta_2545,Positive
SA_Ta_2546,Positive
SA_Ta_2547,Positive
SA_Ta_2548,Positive
SA_Ta_2549,Positive
SA_Ta_2550,Positive
SA_Ta_2551,Positive
SA_Ta_2552,Positive
SA_Ta_2553,Mixed_feelings
SA_Ta_2554,Positive
SA_Ta_2555,Positive
SA_Ta_2556,Positive
SA_Ta_2557,Positive
SA_Ta_2558,Positive
SA_Ta_2559,Positive
SA_Ta_2560,Mixed_feelings
SA_Ta_2561,Positive
SA_Ta_2562,Positive
SA_Ta_2563,Positive
SA_Ta_2564,unknown_state
SA_Ta_2565,Negative
SA_Ta_2566,Mixed_feelings
SA_Ta_2567,Mixed_feelings
SA_Ta_2568,Positive
SA_Ta_2569,Positive
SA_Ta_2570,Positive
SA_Ta_2571,unknown_state
SA_Ta_2572,unknown_state
SA_Ta_2573,Mixed_feelings
SA_Ta_2574,Mixed_feelings
SA_Ta_2575,unknown_state
SA_Ta_2576,Positive
SA_Ta_2577,Positive
SA_Ta_2578,Positive
SA_Ta_2579,Positive
SA_Ta_2580,Positive
SA_Ta_2581,Positive
SA_Ta_2582,Positive
SA_Ta_2583,unknown_state
SA_Ta_2584,Positive
SA_Ta_2585,Positive
SA_Ta_2586,Positive
SA_Ta_2587,Positive
SA_Ta_2588,Positive
SA_Ta_2589,Positive
SA_Ta_2590,Positive
SA_Ta_2591,unknown_state
SA_Ta_2592,Positive
SA_Ta_2593,unknown_state
SA_Ta_2594,Positive
SA_Ta_2595,Positive
SA_Ta_2596,Positive
SA_Ta_2597,Positive
SA_Ta_2598,Negative
SA_Ta_2599,Negative
SA_Ta_2600,Negative
SA_Ta_2601,Positive
SA_Ta_2602,Positive
SA_Ta_2603,unknown_state
SA_Ta_2604,Positive
SA_Ta_2605,Positive
SA_Ta_2606,unknown_state
SA_Ta_2607,unknown_state
SA_Ta_2608,Negative
SA_Ta_2609,unknown_state
SA_Ta_2610,Positive
SA_Ta_2611,Positive
SA_Ta_2612,Positive
SA_Ta_2613,Positive
SA_Ta_2614,Positive
SA_Ta_2615,Positive
SA_Ta_2616,Positive
SA_Ta_2617,Mixed_feelings
SA_Ta_2618,Positive
SA_Ta_2619,Positive
SA_Ta_2620,Positive
SA_Ta_2621,Positive
SA_Ta_2622,Positive
SA_Ta_2623,Positive
SA_Ta_2624,Positive
SA_Ta_2625,Positive
SA_Ta_2626,Positive
SA_Ta_2627,Positive
SA_Ta_2628,Positive
SA_Ta_2629,unknown_state
SA_Ta_2630,Positive
SA_Ta_2631,Positive
SA_Ta_2632,Positive
SA_Ta_2633,Positive
SA_Ta_2634,Positive
SA_Ta_2635,unknown_state
SA_Ta_2636,Positive
SA_Ta_2637,Positive
SA_Ta_2638,Positive
SA_Ta_2639,Positive
SA_Ta_2640,Positive
SA_Ta_2641,unknown_state
SA_Ta_2642,Negative
SA_Ta_2643,Positive
SA_Ta_2644,Positive
SA_Ta_2645,Mixed_feelings
SA_Ta_2646,Negative
SA_Ta_2647,Positive
SA_Ta_2648,Positive
SA_Ta_2649,unknown_state
SA_Ta_2650,Positive
SA_Ta_2651,unknown_state
SA_Ta_2652,Positive
SA_Ta_2653,Positive
SA_Ta_2654,Positive
SA_Ta_2655,Positive
SA_Ta_2656,Positive
SA_Ta_2657,Positive
SA_Ta_2658,Positive
SA_Ta_2659,Positive
SA_Ta_2660,Mixed_feelings
SA_Ta_2661,Positive
SA_Ta_2662,Positive
SA_Ta_2663,Positive
SA_Ta_2664,Negative
SA_Ta_2665,Positive
SA_Ta_2666,Positive
SA_Ta_2667,Positive
SA_Ta_2668,Positive
SA_Ta_2669,Positive
SA_Ta_2670,Positive
SA_Ta_2671,Positive
SA_Ta_2672,Mixed_feelings
SA_Ta_2673,Positive
SA_Ta_2674,unknown_state
SA_Ta_2675,unknown_state
SA_Ta_2676,Positive
SA_Ta_2677,unknown_state
SA_Ta_2678,Positive
SA_Ta_2679,Positive
SA_Ta_2680,unknown_state
SA_Ta_2681,Positive
SA_Ta_2682,Positive
SA_Ta_2683,Positive
SA_Ta_2684,Positive
SA_Ta_2685,Negative
SA_Ta_2686,Positive
SA_Ta_2687,unknown_state
SA_Ta_2688,Positive
SA_Ta_2689,Positive
SA_Ta_2690,unknown_state
SA_Ta_2691,unknown_state
SA_Ta_2692,Positive
SA_Ta_2693,Negative
SA_Ta_2694,Positive
SA_Ta_2695,unknown_state
SA_Ta_2696,Mixed_feelings
SA_Ta_2697,Positive
SA_Ta_2698,Positive
SA_Ta_2699,Negative
SA_Ta_2700,Negative
SA_Ta_2701,unknown_state
SA_Ta_2702,Positive
SA_Ta_2703,Mixed_feelings
SA_Ta_2704,unknown_state
SA_Ta_2705,Mixed_feelings
SA_Ta_2706,Positive
SA_Ta_2707,Positive
SA_Ta_2708,Positive
SA_Ta_2709,Mixed_feelings
SA_Ta_2710,Positive
SA_Ta_2711,unknown_state
SA_Ta_2712,unknown_state
SA_Ta_2713,Mixed_feelings
SA_Ta_2714,Positive
SA_Ta_2715,unknown_state
SA_Ta_2716,Positive
SA_Ta_2717,Positive
SA_Ta_2718,Positive
SA_Ta_2719,Positive
SA_Ta_2720,Positive
SA_Ta_2721,Negative
SA_Ta_2722,Mixed_feelings
SA_Ta_2723,unknown_state
SA_Ta_2724,unknown_state
SA_Ta_2725,Positive
SA_Ta_2726,Negative
SA_Ta_2727,Positive
SA_Ta_2728,Positive
SA_Ta_2729,Mixed_feelings
SA_Ta_2730,Positive
SA_Ta_2731,Positive
SA_Ta_2732,Mixed_feelings
SA_Ta_2733,Positive
SA_Ta_2734,unknown_state
SA_Ta_2735,Positive
SA_Ta_2736,Negative
SA_Ta_2737,Positive
SA_Ta_2738,Positive
SA_Ta_2739,Positive
SA_Ta_2740,unknown_state
SA_Ta_2741,Negative
SA_Ta_2742,Mixed_feelings
SA_Ta_2743,Mixed_feelings
SA_Ta_2744,Positive
SA_Ta_2745,Positive
SA_Ta_2746,Positive
SA_Ta_2747,Positive
SA_Ta_2748,Positive
SA_Ta_2749,Positive
SA_Ta_2750,Negative
SA_Ta_2751,Positive
SA_Ta_2752,Positive
SA_Ta_2753,Mixed_feelings
SA_Ta_2754,Positive
SA_Ta_2755,Positive
SA_Ta_2756,Positive
SA_Ta_2757,Positive
SA_Ta_2758,unknown_state
SA_Ta_2759,Mixed_feelings
SA_Ta_2760,Mixed_feelings
SA_Ta_2761,unknown_state
SA_Ta_2762,Positive
SA_Ta_2763,Positive
SA_Ta_2764,Negative
SA_Ta_2765,unknown_state
SA_Ta_2766,Mixed_feelings
SA_Ta_2767,Positive
SA_Ta_2768,Positive
SA_Ta_2769,Positive
SA_Ta_2770,Positive
SA_Ta_2771,Positive
SA_Ta_2772,Mixed_feelings
SA_Ta_2773,Negative
SA_Ta_2774,Mixed_feelings
SA_Ta_2775,Positive
SA_Ta_2776,Negative
SA_Ta_2777,Positive
SA_Ta_2778,Positive
SA_Ta_2779,Positive
SA_Ta_2780,Negative
SA_Ta_2781,Positive
SA_Ta_2782,unknown_state
SA_Ta_2783,Mixed_feelings
SA_Ta_2784,unknown_state
SA_Ta_2785,Positive
SA_Ta_2786,unknown_state
SA_Ta_2787,Positive
SA_Ta_2788,Positive
SA_Ta_2789,Positive
SA_Ta_2790,Positive
SA_Ta_2791,Positive
SA_Ta_2792,Positive
SA_Ta_2793,Positive
SA_Ta_2794,Positive
SA_Ta_2795,unknown_state
SA_Ta_2796,Negative
SA_Ta_2797,Positive
SA_Ta_2798,Positive
SA_Ta_2799,Positive
SA_Ta_2800,Positive
SA_Ta_2801,unknown_state
SA_Ta_2802,Positive
SA_Ta_2803,Positive
SA_Ta_2804,unknown_state
SA_Ta_2805,Positive
SA_Ta_2806,Positive
SA_Ta_2807,Positive
SA_Ta_2808,Mixed_feelings
SA_Ta_2809,Positive
SA_Ta_2810,unknown_state
SA_Ta_2811,Positive
SA_Ta_2812,Positive
SA_Ta_2813,Positive
SA_Ta_2814,Mixed_feelings
SA_Ta_2815,unknown_state
SA_Ta_2816,Positive
SA_Ta_2817,Positive
SA_Ta_2818,Mixed_feelings
SA_Ta_2819,Positive
SA_Ta_2820,Positive
SA_Ta_2821,Positive
SA_Ta_2822,Positive
SA_Ta_2823,Positive
SA_Ta_2824,Positive
SA_Ta_2825,unknown_state
SA_Ta_2826,Positive
SA_Ta_2827,Mixed_feelings
SA_Ta_2828,Positive
SA_Ta_2829,unknown_state
SA_Ta_2830,Positive
SA_Ta_2831,Mixed_feelings
SA_Ta_2832,unknown_state
SA_Ta_2833,Positive
SA_Ta_2834,Positive
SA_Ta_2835,Mixed_feelings
SA_Ta_2836,Positive
SA_Ta_2837,Positive
SA_Ta_2838,unknown_state
SA_Ta_2839,Positive
SA_Ta_2840,unknown_state
SA_Ta_2841,unknown_state
SA_Ta_2842,Negative
SA_Ta_2843,Positive
SA_Ta_2844,Positive
SA_Ta_2845,Positive
SA_Ta_2846,Positive
SA_Ta_2847,Mixed_feelings
SA_Ta_2848,unknown_state
SA_Ta_2849,Mixed_feelings
SA_Ta_2850,Positive
SA_Ta_2851,unknown_state
SA_Ta_2852,Positive
SA_Ta_2853,unknown_state
SA_Ta_2854,Positive
SA_Ta_2855,Positive
SA_Ta_2856,Positive
SA_Ta_2857,Positive
SA_Ta_2858,unknown_state
SA_Ta_2859,Positive
SA_Ta_2860,Positive
SA_Ta_2861,Positive
SA_Ta_2862,Positive
SA_Ta_2863,Positive
SA_Ta_2864,Positive
SA_Ta_2865,Positive
SA_Ta_2866,unknown_state
SA_Ta_2867,Positive
SA_Ta_2868,Positive
SA_Ta_2869,Positive
SA_Ta_2870,Positive
SA_Ta_2871,Positive
SA_Ta_2872,Positive
SA_Ta_2873,unknown_state
SA_Ta_2874,Positive
SA_Ta_2875,Positive
SA_Ta_2876,Positive
SA_Ta_2877,Positive
SA_Ta_2878,Mixed_feelings
SA_Ta_2879,Mixed_feelings
SA_Ta_2880,unknown_state
SA_Ta_2881,Positive
SA_Ta_2882,Mixed_feelings
SA_Ta_2883,Positive
SA_Ta_2884,Positive
SA_Ta_2885,Positive
SA_Ta_2886,Positive
SA_Ta_2887,Positive
SA_Ta_2888,Negative
SA_Ta_2889,Positive
SA_Ta_2890,Positive
SA_Ta_2891,Positive
SA_Ta_2892,Mixed_feelings
SA_Ta_2893,Positive
SA_Ta_2894,Positive
SA_Ta_2895,Mixed_feelings
SA_Ta_2896,unknown_state
SA_Ta_2897,Positive
SA_Ta_2898,Positive
SA_Ta_2899,Positive
SA_Ta_2900,Negative
SA_Ta_2901,Positive
SA_Ta_2902,Positive
SA_Ta_2903,Positive
SA_Ta_2904,Positive
SA_Ta_2905,Positive
SA_Ta_2906,Positive
SA_Ta_2907,unknown_state
SA_Ta_2908,Positive
SA_Ta_2909,unknown_state
SA_Ta_2910,Positive
SA_Ta_2911,unknown_state
SA_Ta_2912,Positive
SA_Ta_2913,Positive
SA_Ta_2914,Positive
SA_Ta_2915,Negative
SA_Ta_2916,unknown_state
SA_Ta_2917,Positive
SA_Ta_2918,unknown_state
SA_Ta_2919,Positive
SA_Ta_2920,Positive
SA_Ta_2921,Positive
SA_Ta_2922,Positive
SA_Ta_2923,Positive
SA_Ta_2924,Positive
SA_Ta_2925,unknown_state
SA_Ta_2926,unknown_state
SA_Ta_2927,Positive
SA_Ta_2928,Positive
SA_Ta_2929,Positive
SA_Ta_2930,Positive
SA_Ta_2931,unknown_state
SA_Ta_2932,Positive
SA_Ta_2933,Positive
SA_Ta_2934,Negative
SA_Ta_2935,Positive
SA_Ta_2936,unknown_state
SA_Ta_2937,Positive
SA_Ta_2938,Positive
SA_Ta_2939,Positive
SA_Ta_2940,Positive
SA_Ta_2941,Positive
SA_Ta_2942,Positive
SA_Ta_2943,Positive
SA_Ta_2944,Positive
SA_Ta_2945,Positive
SA_Ta_2946,Positive
SA_Ta_2947,Mixed_feelings
SA_Ta_2948,Positive
SA_Ta_2949,Positive
SA_Ta_2950,Positive
SA_Ta_2951,unknown_state
SA_Ta_2952,Negative
SA_Ta_2953,Positive
SA_Ta_2954,Positive
SA_Ta_2955,Positive
SA_Ta_2956,Positive
SA_Ta_2957,Negative
SA_Ta_2958,Positive
SA_Ta_2959,unknown_state
SA_Ta_2960,unknown_state
SA_Ta_2961,Negative
SA_Ta_2962,Mixed_feelings
SA_Ta_2963,Positive
SA_Ta_2964,Positive
SA_Ta_2965,Positive
SA_Ta_2966,Positive
SA_Ta_2967,Positive
SA_Ta_2968,Mixed_feelings
SA_Ta_2969,Mixed_feelings
SA_Ta_2970,Positive
SA_Ta_2971,Positive
SA_Ta_2972,unknown_state
SA_Ta_2973,Positive
SA_Ta_2974,Positive
SA_Ta_2975,unknown_state
SA_Ta_2976,Positive
SA_Ta_2977,Mixed_feelings
SA_Ta_2978,Mixed_feelings
SA_Ta_2979,Positive
SA_Ta_2980,unknown_state
SA_Ta_2981,Positive
SA_Ta_2982,unknown_state
SA_Ta_2983,Positive
SA_Ta_2984,Positive
SA_Ta_2985,unknown_state
SA_Ta_2986,Positive
SA_Ta_2987,Mixed_feelings
SA_Ta_2988,Mixed_feelings
SA_Ta_2989,unknown_state
SA_Ta_2990,unknown_state
SA_Ta_2991,Mixed_feelings
SA_Ta_2992,Negative
SA_Ta_2993,Positive
SA_Ta_2994,Positive
SA_Ta_2995,Mixed_feelings
SA_Ta_2996,Positive
SA_Ta_2997,Positive
SA_Ta_2998,Positive
SA_Ta_2999,Positive
SA_Ta_3000,Positive
SA_Ta_3001,Mixed_feelings
SA_Ta_3002,Positive
SA_Ta_3003,Positive
SA_Ta_3004,Positive
SA_Ta_3005,Positive
SA_Ta_3006,Positive
SA_Ta_3007,Positive
SA_Ta_3008,Mixed_feelings
SA_Ta_3009,Positive
SA_Ta_3010,Mixed_feelings
SA_Ta_3011,Positive
SA_Ta_3012,Positive
SA_Ta_3013,Positive
SA_Ta_3014,Positive
SA_Ta_3015,unknown_state
SA_Ta_3016,Positive
SA_Ta_3017,Negative
SA_Ta_3018,Positive
SA_Ta_3019,Positive
SA_Ta_3020,Positive
SA_Ta_3021,Positive
SA_Ta_3022,Positive
SA_Ta_3023,Positive
SA_Ta_3024,Positive
SA_Ta_3025,Positive
SA_Ta_3026,unknown_state
SA_Ta_3027,Mixed_feelings
SA_Ta_3028,Positive
SA_Ta_3029,Positive
SA_Ta_3030,Positive
SA_Ta_3031,unknown_state
SA_Ta_3032,Positive
SA_Ta_3033,Positive
SA_Ta_3034,Positive
SA_Ta_3035,Mixed_feelings
SA_Ta_3036,Positive
SA_Ta_3037,Positive
SA_Ta_3038,Mixed_feelings
SA_Ta_3039,Positive
SA_Ta_3040,Positive
SA_Ta_3041,Positive
SA_Ta_3042,Positive
SA_Ta_3043,Positive
SA_Ta_3044,unknown_state
SA_Ta_3045,unknown_state
SA_Ta_3046,Positive
SA_Ta_3047,Positive
SA_Ta_3048,Positive
SA_Ta_3049,Positive
SA_Ta_3050,Negative
SA_Ta_3051,Positive
SA_Ta_3052,Positive
SA_Ta_3053,Positive
SA_Ta_3054,Positive
SA_Ta_3055,unknown_state
SA_Ta_3056,unknown_state
SA_Ta_3057,Positive
SA_Ta_3058,unknown_state
SA_Ta_3059,unknown_state
SA_Ta_3060,Positive
SA_Ta_3061,Negative
SA_Ta_3062,unknown_state
SA_Ta_3063,Positive
SA_Ta_3064,unknown_state
SA_Ta_3065,Positive
SA_Ta_3066,Positive
SA_Ta_3067,Mixed_feelings
SA_Ta_3068,Positive
SA_Ta_3069,Mixed_feelings
SA_Ta_3070,Positive
SA_Ta_3071,Negative
SA_Ta_3072,unknown_state
SA_Ta_3073,Positive
SA_Ta_3074,unknown_state
SA_Ta_3075,Positive
SA_Ta_3076,Positive
SA_Ta_3077,unknown_state
SA_Ta_3078,Positive
SA_Ta_3079,Mixed_feelings
SA_Ta_3080,Positive
SA_Ta_3081,Positive
SA_Ta_3082,unknown_state
SA_Ta_3083,Positive
SA_Ta_3084,Positive
SA_Ta_3085,Positive
SA_Ta_3086,unknown_state
SA_Ta_3087,unknown_state
SA_Ta_3088,Positive
SA_Ta_3089,unknown_state
SA_Ta_3090,Positive
SA_Ta_3091,Positive
SA_Ta_3092,Positive
SA_Ta_3093,Mixed_feelings
SA_Ta_3094,unknown_state
SA_Ta_3095,Positive
SA_Ta_3096,Positive
SA_Ta_3097,Positive
SA_Ta_3098,Positive
SA_Ta_3099,Positive
SA_Ta_3100,Positive
SA_Ta_3101,Positive
SA_Ta_3102,Positive
SA_Ta_3103,Positive
SA_Ta_3104,unknown_state
SA_Ta_3105,unknown_state
SA_Ta_3106,Positive
SA_Ta_3107,Positive
SA_Ta_3108,Negative
SA_Ta_3109,unknown_state
SA_Ta_3110,unknown_state
SA_Ta_3111,Negative
SA_Ta_3112,Positive
SA_Ta_3113,Positive
SA_Ta_3114,Positive
SA_Ta_3115,Positive
SA_Ta_3116,Negative
SA_Ta_3117,Positive
SA_Ta_3118,Positive
SA_Ta_3119,unknown_state
SA_Ta_3120,Positive
SA_Ta_3121,Positive
SA_Ta_3122,Negative
SA_Ta_3123,Positive
SA_Ta_3124,Mixed_feelings
SA_Ta_3125,Positive
SA_Ta_3126,Mixed_feelings
SA_Ta_3127,Positive
SA_Ta_3128,Positive
SA_Ta_3129,Negative
SA_Ta_3130,Positive
SA_Ta_3131,Positive
SA_Ta_3132,unknown_state
SA_Ta_3133,Positive
SA_Ta_3134,unknown_state
SA_Ta_3135,unknown_state
SA_Ta_3136,Positive
SA_Ta_3137,unknown_state
SA_Ta_3138,unknown_state
SA_Ta_3139,Positive
SA_Ta_3140,Positive
SA_Ta_3141,Positive
SA_Ta_3142,Positive
SA_Ta_3143,Negative
SA_Ta_3144,Mixed_feelings
SA_Ta_3145,Positive
SA_Ta_3146,Positive
SA_Ta_3147,Positive
SA_Ta_3148,unknown_state
SA_Ta_3149,Mixed_feelings
SA_Ta_3150,Positive
SA_Ta_3151,Negative
SA_Ta_3152,Negative
SA_Ta_3153,Positive
SA_Ta_3154,Negative
SA_Ta_3155,Positive
SA_Ta_3156,Positive
SA_Ta_3157,Positive
SA_Ta_3158,Positive
SA_Ta_3159,Positive
SA_Ta_3160,Positive
SA_Ta_3161,Mixed_feelings
SA_Ta_3162,Positive
SA_Ta_3163,Negative
SA_Ta_3164,Positive
SA_Ta_3165,Positive
SA_Ta_3166,Positive
SA_Ta_3167,Positive
SA_Ta_3168,Mixed_feelings
SA_Ta_3169,Positive
SA_Ta_3170,Positive
SA_Ta_3171,Positive
SA_Ta_3172,Mixed_feelings
SA_Ta_3173,Positive
SA_Ta_3174,Positive
SA_Ta_3175,Positive
SA_Ta_3176,Positive
SA_Ta_3177,Positive
SA_Ta_3178,Mixed_feelings
SA_Ta_3179,Negative
SA_Ta_3180,Positive
SA_Ta_3181,Mixed_feelings
SA_Ta_3182,Mixed_feelings
SA_Ta_3183,unknown_state
SA_Ta_3184,Positive
SA_Ta_3185,unknown_state
SA_Ta_3186,Positive
SA_Ta_3187,Positive
SA_Ta_3188,Mixed_feelings
SA_Ta_3189,Positive
SA_Ta_3190,Mixed_feelings
SA_Ta_3191,Positive
SA_Ta_3192,Positive
SA_Ta_3193,Positive
SA_Ta_3194,Mixed_feelings
SA_Ta_3195,Positive
SA_Ta_3196,Negative
SA_Ta_3197,Positive
SA_Ta_3198,Positive
SA_Ta_3199,Positive
SA_Ta_3200,Positive
SA_Ta_3201,Positive
SA_Ta_3202,Positive
SA_Ta_3203,Positive
SA_Ta_3204,Positive
SA_Ta_3205,unknown_state
SA_Ta_3206,Positive
SA_Ta_3207,Positive
SA_Ta_3208,Positive
SA_Ta_3209,Positive
SA_Ta_3210,unknown_state
SA_Ta_3211,Mixed_feelings
SA_Ta_3212,Positive
SA_Ta_3213,Positive
SA_Ta_3214,Mixed_feelings
SA_Ta_3215,Positive
SA_Ta_3216,Positive
SA_Ta_3217,Negative
SA_Ta_3218,Negative
SA_Ta_3219,Positive
SA_Ta_3220,Positive
SA_Ta_3221,Positive
SA_Ta_3222,Positive
SA_Ta_3223,Positive
SA_Ta_3224,Positive
SA_Ta_3225,Mixed_feelings
SA_Ta_3226,Negative
SA_Ta_3227,unknown_state
SA_Ta_3228,Negative
SA_Ta_3229,unknown_state
SA_Ta_3230,Mixed_feelings
SA_Ta_3231,Positive
SA_Ta_3232,Positive
SA_Ta_3233,Mixed_feelings
SA_Ta_3234,Positive
SA_Ta_3235,Positive
SA_Ta_3236,Mixed_feelings
SA_Ta_3237,unknown_state
SA_Ta_3238,Positive
SA_Ta_3239,Positive
SA_Ta_3240,Positive
SA_Ta_3241,Mixed_feelings
SA_Ta_3242,Positive
SA_Ta_3243,Positive
SA_Ta_3244,Positive
SA_Ta_3245,Positive
SA_Ta_3246,unknown_state
SA_Ta_3247,Positive
SA_Ta_3248,Positive
SA_Ta_3249,Positive
SA_Ta_3250,Positive
SA_Ta_3251,Positive
SA_Ta_3252,Positive
SA_Ta_3253,Positive
SA_Ta_3254,Mixed_feelings
SA_Ta_3255,Positive
SA_Ta_3256,Negative
SA_Ta_3257,Positive
SA_Ta_3258,Positive
SA_Ta_3259,Positive
SA_Ta_3260,Mixed_feelings
SA_Ta_3261,Positive
SA_Ta_3262,Mixed_feelings
SA_Ta_3263,Positive
SA_Ta_3264,unknown_state
SA_Ta_3265,Mixed_feelings
SA_Ta_3266,unknown_state
SA_Ta_3267,Positive
SA_Ta_3268,unknown_state
SA_Ta_3269,unknown_state
SA_Ta_3270,unknown_state
SA_Ta_3271,unknown_state
SA_Ta_3272,Mixed_feelings
SA_Ta_3273,Positive
SA_Ta_3274,Positive
SA_Ta_3275,Positive
SA_Ta_3276,Positive
SA_Ta_3277,Positive
SA_Ta_3278,unknown_state
SA_Ta_3279,unknown_state
SA_Ta_3280,Positive
SA_Ta_3281,Positive
SA_Ta_3282,Positive
SA_Ta_3283,Mixed_feelings
SA_Ta_3284,Positive
SA_Ta_3285,Positive
SA_Ta_3286,Negative
SA_Ta_3287,Positive
SA_Ta_3288,Negative
SA_Ta_3289,Mixed_feelings
SA_Ta_3290,Positive
SA_Ta_3291,Negative
SA_Ta_3292,Mixed_feelings
SA_Ta_3293,Negative
SA_Ta_3294,Negative
SA_Ta_3295,unknown_state
SA_Ta_3296,Positive
SA_Ta_3297,Positive
SA_Ta_3298,Negative
SA_Ta_3299,unknown_state
SA_Ta_3300,Negative
SA_Ta_3301,Positive
SA_Ta_3302,Positive
SA_Ta_3303,Mixed_feelings
SA_Ta_3304,Negative
SA_Ta_3305,Positive
SA_Ta_3306,Positive
SA_Ta_3307,Negative
SA_Ta_3308,Positive
SA_Ta_3309,Positive
SA_Ta_3310,Positive
SA_Ta_3311,Positive
SA_Ta_3312,Negative
SA_Ta_3313,unknown_state
SA_Ta_3314,unknown_state
SA_Ta_3315,Positive
SA_Ta_3316,Negative
SA_Ta_3317,Positive
SA_Ta_3318,Negative
SA_Ta_3319,unknown_state
SA_Ta_3320,Mixed_feelings
SA_Ta_3321,Negative
SA_Ta_3322,unknown_state
SA_Ta_3323,Positive
SA_Ta_3324,unknown_state
SA_Ta_3325,unknown_state
SA_Ta_3326,Positive
SA_Ta_3327,unknown_state
SA_Ta_3328,Positive
SA_Ta_3329,Positive
SA_Ta_3330,Positive
SA_Ta_3331,unknown_state
SA_Ta_3332,Positive
SA_Ta_3333,Positive
SA_Ta_3334,Positive
SA_Ta_3335,Positive
SA_Ta_3336,Positive
SA_Ta_3337,unknown_state
SA_Ta_3338,Positive
SA_Ta_3339,Positive
SA_Ta_3340,Positive
SA_Ta_3341,Positive
SA_Ta_3342,Positive
SA_Ta_3343,Positive
SA_Ta_3344,Positive
SA_Ta_3345,unknown_state
SA_Ta_3346,Negative
SA_Ta_3347,Mixed_feelings
SA_Ta_3348,Positive
SA_Ta_3349,Positive
SA_Ta_3350,Positive
SA_Ta_3351,Positive
SA_Ta_3352,Positive
SA_Ta_3353,Mixed_feelings
SA_Ta_3354,Positive
SA_Ta_3355,Positive
SA_Ta_3356,Positive
SA_Ta_3357,Positive
SA_Ta_3358,Positive
SA_Ta_3359,unknown_state
SA_Ta_3360,unknown_state
SA_Ta_3361,unknown_state
SA_Ta_3362,Positive
SA_Ta_3363,Positive
SA_Ta_3364,unknown_state
SA_Ta_3365,Mixed_feelings
SA_Ta_3366,Positive
SA_Ta_3367,Positive
SA_Ta_3368,Positive
SA_Ta_3369,Mixed_feelings
SA_Ta_3370,Positive
SA_Ta_3371,Mixed_feelings
SA_Ta_3372,Positive
SA_Ta_3373,unknown_state
SA_Ta_3374,unknown_state
SA_Ta_3375,Positive
SA_Ta_3376,unknown_state
SA_Ta_3377,Positive
SA_Ta_3378,unknown_state
SA_Ta_3379,Mixed_feelings
SA_Ta_3380,Mixed_feelings
SA_Ta_3381,Mixed_feelings
SA_Ta_3382,Positive
SA_Ta_3383,Positive
SA_Ta_3384,Positive
SA_Ta_3385,unknown_state
SA_Ta_3386,Positive
SA_Ta_3387,Positive
SA_Ta_3388,Positive
SA_Ta_3389,Positive
SA_Ta_3390,Positive
SA_Ta_3391,Positive
SA_Ta_3392,Positive
SA_Ta_3393,Positive
SA_Ta_3394,Positive
SA_Ta_3395,Positive
SA_Ta_3396,Positive
SA_Ta_3397,unknown_state
SA_Ta_3398,unknown_state
SA_Ta_3399,Mixed_feelings
SA_Ta_3400,Positive
SA_Ta_3401,unknown_state
SA_Ta_3402,Negative
SA_Ta_3403,Positive
SA_Ta_3404,Positive
SA_Ta_3405,Positive
SA_Ta_3406,Positive
SA_Ta_3407,Positive
SA_Ta_3408,Positive
SA_Ta_3409,Positive
SA_Ta_3410,Positive
SA_Ta_3411,Mixed_feelings
SA_Ta_3412,Positive
SA_Ta_3413,Positive
SA_Ta_3414,Positive
SA_Ta_3415,Positive
SA_Ta_3416,Mixed_feelings
SA_Ta_3417,Positive
SA_Ta_3418,Positive
SA_Ta_3419,Positive
SA_Ta_3420,Positive
SA_Ta_3421,Negative
SA_Ta_3422,Positive
SA_Ta_3423,unknown_state
SA_Ta_3424,Positive
SA_Ta_3425,Positive
SA_Ta_3426,Positive
SA_Ta_3427,unknown_state
SA_Ta_3428,unknown_state
SA_Ta_3429,Positive
SA_Ta_3430,Positive
SA_Ta_3431,Mixed_feelings
SA_Ta_3432,Positive
SA_Ta_3433,Positive
SA_Ta_3434,unknown_state
SA_Ta_3435,unknown_state
SA_Ta_3436,Positive
SA_Ta_3437,Positive
SA_Ta_3438,Mixed_feelings
SA_Ta_3439,unknown_state
SA_Ta_3440,Positive
SA_Ta_3441,Positive
SA_Ta_3442,Positive
SA_Ta_3443,Mixed_feelings
SA_Ta_3444,Mixed_feelings
SA_Ta_3445,Negative
SA_Ta_3446,Positive
SA_Ta_3447,Positive
SA_Ta_3448,unknown_state
SA_Ta_3449,Positive
SA_Ta_3450,Positive
SA_Ta_3451,unknown_state
SA_Ta_3452,Positive
SA_Ta_3453,unknown_state
SA_Ta_3454,Positive
SA_Ta_3455,Positive
SA_Ta_3456,Positive
SA_Ta_3457,Positive
SA_Ta_3458,Positive
SA_Ta_3459,Mixed_feelings
