Id,Labels
SA_TU_01,Not Tulu
SA_TU_02,Negative
SA_TU_03,Not Tulu
SA_TU_04,Neutral
SA_TU_05,Neutral
SA_TU_06,Not Tulu
SA_TU_07,Not Tulu
SA_TU_08,Neutral
SA_TU_09,Positive
SA_TU_10,Positive
SA_TU_11,Negative
SA_TU_12,Not Tulu
SA_TU_13,Not Tulu
SA_TU_14,Mixed
SA_TU_15,Neutral
SA_TU_16,Positive
SA_TU_17,Not Tulu
SA_TU_18,Positive
SA_TU_19,Negative
SA_TU_20,Negative
SA_TU_21,Not Tulu
SA_TU_22,Not Tulu
SA_TU_23,Positive
SA_TU_24,Not Tulu
SA_TU_25,Positive
SA_TU_26,Positive
SA_TU_27,Not Tulu
SA_TU_28,Not Tulu
SA_TU_29,Not Tulu
SA_TU_30,Negative
SA_TU_31,Not Tulu
SA_TU_32,Not Tulu
SA_TU_33,Neutral
SA_TU_34,Neutral
SA_TU_35,Positive
SA_TU_36,Positive
SA_TU_37,Mixed
SA_TU_38,Negative
SA_TU_39,Not Tulu
SA_TU_40,Not Tulu
SA_TU_41,Neutral
SA_TU_42,Positive
SA_TU_43,Negative
SA_TU_44,Not Tulu
SA_TU_45,Negative
SA_TU_46,Negative
SA_TU_47,Positive
SA_TU_48,Neutral
SA_TU_49,Neutral
SA_TU_50,Mixed
SA_TU_51,Not Tulu
SA_TU_52,Neutral
SA_TU_53,Neutral
SA_TU_54,Positive
SA_TU_55,Positive
SA_TU_56,Positive
SA_TU_57,Negative
SA_TU_58,Not Tulu
SA_TU_59,Not Tulu
SA_TU_60,Not Tulu
SA_TU_61,Not Tulu
SA_TU_62,Not Tulu
SA_TU_63,Positive
SA_TU_64,Negative
SA_TU_65,Not Tulu
SA_TU_66,Mixed
SA_TU_67,Positive
SA_TU_68,Not Tulu
SA_TU_69,Not Tulu
SA_TU_70,Negative
SA_TU_71,Not Tulu
SA_TU_72,Neutral
SA_TU_73,Positive
SA_TU_74,Neutral
SA_TU_75,Neutral
SA_TU_76,Not Tulu
SA_TU_77,Mixed
SA_TU_78,Not Tulu
SA_TU_79,Not Tulu
SA_TU_80,Mixed
SA_TU_81,Neutral
SA_TU_82,Neutral
SA_TU_83,Positive
SA_TU_84,Positive
SA_TU_85,Not Tulu
SA_TU_86,Not Tulu
SA_TU_87,Not Tulu
SA_TU_88,Not Tulu
SA_TU_89,Positive
SA_TU_90,Negative
SA_TU_91,Neutral
SA_TU_92,Not Tulu
SA_TU_93,Not Tulu
SA_TU_94,Mixed
SA_TU_95,Negative
SA_TU_96,Not Tulu
SA_TU_97,Neutral
SA_TU_98,Negative
SA_TU_99,Not Tulu
SA_TU_100,Not Tulu
SA_TU_101,Not Tulu
SA_TU_102,Not Tulu
SA_TU_103,Neutral
SA_TU_104,Neutral
SA_TU_105,Positive
SA_TU_106,Not Tulu
SA_TU_107,Positive
SA_TU_108,Not Tulu
SA_TU_109,Not Tulu
SA_TU_110,Positive
SA_TU_111,Neutral
SA_TU_112,Neutral
SA_TU_113,Positive
SA_TU_114,Not Tulu
SA_TU_115,Neutral
SA_TU_116,Not Tulu
SA_TU_117,Positive
SA_TU_118,Not Tulu
SA_TU_119,Not Tulu
SA_TU_120,Neutral
SA_TU_121,Not Tulu
SA_TU_122,Not Tulu
SA_TU_123,Mixed
SA_TU_124,Positive
SA_TU_125,Not Tulu
SA_TU_126,Negative
SA_TU_127,Not Tulu
SA_TU_128,Neutral
SA_TU_129,Neutral
SA_TU_130,Positive
SA_TU_131,Not Tulu
SA_TU_132,Neutral
SA_TU_133,Not Tulu
SA_TU_134,Neutral
SA_TU_135,Not Tulu
SA_TU_136,Not Tulu
SA_TU_137,Positive
SA_TU_138,Positive
SA_TU_139,Not Tulu
SA_TU_140,Not Tulu
SA_TU_141,Negative
SA_TU_142,Not Tulu
SA_TU_143,Neutral
SA_TU_144,Not Tulu
SA_TU_145,Positive
SA_TU_146,Positive
SA_TU_147,Positive
SA_TU_148,Neutral
SA_TU_149,Neutral
SA_TU_150,Not Tulu
SA_TU_151,Not Tulu
SA_TU_152,Not Tulu
SA_TU_153,Positive
SA_TU_154,Positive
SA_TU_155,Not Tulu
SA_TU_156,Positive
SA_TU_157,Mixed
SA_TU_158,Neutral
SA_TU_159,Not Tulu
SA_TU_160,Mixed
SA_TU_161,Neutral
SA_TU_162,Positive
SA_TU_163,Positive
SA_TU_164,Positive
SA_TU_165,Positive
SA_TU_166,Neutral
SA_TU_167,Neutral
SA_TU_168,Neutral
SA_TU_169,Positive
SA_TU_170,Mixed
SA_TU_171,Not Tulu
SA_TU_172,Neutral
SA_TU_173,Neutral
SA_TU_174,Neutral
SA_TU_175,Positive
SA_TU_176,Negative
SA_TU_177,Positive
SA_TU_178,Mixed
SA_TU_179,Mixed
SA_TU_180,Not Tulu
SA_TU_181,Neutral
SA_TU_182,Neutral
SA_TU_183,Neutral
SA_TU_184,Not Tulu
SA_TU_185,Negative
SA_TU_186,Neutral
SA_TU_187,Not Tulu
SA_TU_188,Not Tulu
SA_TU_189,Not Tulu
SA_TU_190,Not Tulu
SA_TU_191,Positive
SA_TU_192,Positive
SA_TU_193,Positive
SA_TU_194,Neutral
SA_TU_195,Not Tulu
SA_TU_196,Not Tulu
SA_TU_197,Not Tulu
SA_TU_198,Not Tulu
SA_TU_199,Not Tulu
SA_TU_200,Mixed
SA_TU_201,Positive
SA_TU_202,Not Tulu
SA_TU_203,Not Tulu
SA_TU_204,Neutral
SA_TU_205,Positive
SA_TU_206,Negative
SA_TU_207,Neutral
SA_TU_208,Neutral
SA_TU_209,Positive
SA_TU_210,Positive
SA_TU_211,Not Tulu
SA_TU_212,Positive
SA_TU_213,Mixed
SA_TU_214,Positive
SA_TU_215,Not Tulu
SA_TU_216,Not Tulu
SA_TU_217,Mixed
SA_TU_218,Mixed
SA_TU_219,Neutral
SA_TU_220,Not Tulu
SA_TU_221,Not Tulu
SA_TU_222,Positive
SA_TU_223,Not Tulu
SA_TU_224,Positive
SA_TU_225,Not Tulu
SA_TU_226,Not Tulu
SA_TU_227,Neutral
SA_TU_228,Positive
SA_TU_229,Not Tulu
SA_TU_230,Positive
SA_TU_231,Not Tulu
SA_TU_232,Mixed
SA_TU_233,Neutral
SA_TU_234,Negative
SA_TU_235,Not Tulu
SA_TU_236,Neutral
SA_TU_237,Not Tulu
SA_TU_238,Mixed
SA_TU_239,Positive
SA_TU_240,Neutral
SA_TU_241,Positive
SA_TU_242,Neutral
SA_TU_243,Not Tulu
SA_TU_244,Not Tulu
SA_TU_245,Mixed
SA_TU_246,Mixed
SA_TU_247,Positive
SA_TU_248,Not Tulu
SA_TU_249,Positive
SA_TU_250,Not Tulu
SA_TU_251,Negative
SA_TU_252,Mixed
SA_TU_253,Not Tulu
SA_TU_254,Neutral
SA_TU_255,Not Tulu
SA_TU_256,Not Tulu
SA_TU_257,Not Tulu
SA_TU_258,Not Tulu
SA_TU_259,Negative
SA_TU_260,Positive
SA_TU_261,Positive
SA_TU_262,Neutral
SA_TU_263,Mixed
SA_TU_264,Positive
SA_TU_265,Mixed
SA_TU_266,Negative
SA_TU_267,Neutral
SA_TU_268,Positive
SA_TU_269,Negative
SA_TU_270,Neutral
SA_TU_271,Positive
SA_TU_272,Not Tulu
SA_TU_273,Neutral
SA_TU_274,Not Tulu
SA_TU_275,Not Tulu
SA_TU_276,Positive
SA_TU_277,Neutral
SA_TU_278,Not Tulu
SA_TU_279,Not Tulu
SA_TU_280,Not Tulu
SA_TU_281,Neutral
SA_TU_282,Not Tulu
SA_TU_283,Positive
SA_TU_284,Positive
SA_TU_285,Mixed
SA_TU_286,Not Tulu
SA_TU_287,Not Tulu
SA_TU_288,Neutral
SA_TU_289,Mixed
SA_TU_290,Neutral
SA_TU_291,Not Tulu
SA_TU_292,Not Tulu
SA_TU_293,Positive
SA_TU_294,Not Tulu
SA_TU_295,Not Tulu
SA_TU_296,Not Tulu
SA_TU_297,Mixed
SA_TU_298,Negative
SA_TU_299,Negative
SA_TU_300,Negative
SA_TU_301,Negative
SA_TU_302,Not Tulu
SA_TU_303,Neutral
SA_TU_304,Neutral
SA_TU_305,Not Tulu
SA_TU_306,Positive
SA_TU_307,Neutral
SA_TU_308,Mixed
SA_TU_309,Positive
SA_TU_310,Mixed
SA_TU_311,Not Tulu
SA_TU_312,Positive
SA_TU_313,Not Tulu
SA_TU_314,Positive
SA_TU_315,Positive
SA_TU_316,Mixed
SA_TU_317,Mixed
SA_TU_318,Not Tulu
SA_TU_319,Positive
SA_TU_320,Not Tulu
SA_TU_321,Not Tulu
SA_TU_322,Neutral
SA_TU_323,Neutral
SA_TU_324,Not Tulu
SA_TU_325,Not Tulu
SA_TU_326,Positive
SA_TU_327,Not Tulu
SA_TU_328,Negative
SA_TU_329,Positive
SA_TU_330,Positive
SA_TU_331,Positive
SA_TU_332,Positive
SA_TU_333,Not Tulu
SA_TU_334,Neutral
SA_TU_335,Mixed
SA_TU_336,Neutral
SA_TU_337,Not Tulu
SA_TU_338,Negative
SA_TU_339,Not Tulu
SA_TU_340,Neutral
SA_TU_341,Positive
SA_TU_342,Not Tulu
SA_TU_343,Not Tulu
SA_TU_344,Not Tulu
SA_TU_345,Positive
SA_TU_346,Not Tulu
SA_TU_347,Positive
SA_TU_348,Neutral
SA_TU_349,Positive
SA_TU_350,Not Tulu
SA_TU_351,Positive
SA_TU_352,Positive
SA_TU_353,Not Tulu
SA_TU_354,Not Tulu
SA_TU_355,Negative
SA_TU_356,Positive
SA_TU_357,Not Tulu
SA_TU_358,Negative
SA_TU_359,Not Tulu
SA_TU_360,Not Tulu
SA_TU_361,Positive
SA_TU_362,Positive
SA_TU_363,Not Tulu
SA_TU_364,Positive
SA_TU_365,Positive
SA_TU_366,Not Tulu
SA_TU_367,Not Tulu
SA_TU_368,Mixed
SA_TU_369,Not Tulu
SA_TU_370,Not Tulu
SA_TU_371,Positive
SA_TU_372,Not Tulu
SA_TU_373,Not Tulu
SA_TU_374,Positive
SA_TU_375,Neutral
SA_TU_376,Not Tulu
SA_TU_377,Not Tulu
SA_TU_378,Positive
SA_TU_379,Positive
SA_TU_380,Positive
SA_TU_381,Mixed
SA_TU_382,Not Tulu
SA_TU_383,Not Tulu
SA_TU_384,Not Tulu
SA_TU_385,Not Tulu
SA_TU_386,Positive
SA_TU_387,Not Tulu
SA_TU_388,Neutral
SA_TU_389,Neutral
SA_TU_390,Positive
SA_TU_391,Neutral
SA_TU_392,Neutral
SA_TU_393,Positive
SA_TU_394,Positive
SA_TU_395,Neutral
SA_TU_396,Not Tulu
SA_TU_397,Not Tulu
SA_TU_398,Positive
SA_TU_399,Neutral
SA_TU_400,Not Tulu
SA_TU_401,Positive
SA_TU_402,Negative
SA_TU_403,Neutral
SA_TU_404,Neutral
SA_TU_405,Positive
SA_TU_406,Not Tulu
SA_TU_407,Not Tulu
SA_TU_408,Positive
SA_TU_409,Mixed
SA_TU_410,Positive
SA_TU_411,Positive
SA_TU_412,Neutral
SA_TU_413,Not Tulu
SA_TU_414,Mixed
SA_TU_415,Positive
SA_TU_416,Not Tulu
SA_TU_417,Not Tulu
SA_TU_418,Positive
SA_TU_419,Neutral
SA_TU_420,Positive
SA_TU_421,Positive
SA_TU_422,Not Tulu
SA_TU_423,Positive
SA_TU_424,Not Tulu
SA_TU_425,Neutral
SA_TU_426,Negative
SA_TU_427,Mixed
SA_TU_428,Not Tulu
SA_TU_429,Positive
SA_TU_430,Mixed
SA_TU_431,Not Tulu
SA_TU_432,Neutral
SA_TU_433,Neutral
SA_TU_434,Neutral
SA_TU_435,Negative
SA_TU_436,Positive
SA_TU_437,Not Tulu
SA_TU_438,Not Tulu
SA_TU_439,Mixed
SA_TU_440,Not Tulu
SA_TU_441,Not Tulu
SA_TU_442,Mixed
SA_TU_443,Positive
SA_TU_444,Not Tulu
SA_TU_445,Negative
SA_TU_446,Not Tulu
SA_TU_447,Neutral
SA_TU_448,Neutral
SA_TU_449,Negative
SA_TU_450,Neutral
SA_TU_451,Not Tulu
SA_TU_452,Neutral
SA_TU_453,Not Tulu
SA_TU_454,Not Tulu
SA_TU_455,Negative
SA_TU_456,Not Tulu
SA_TU_457,Positive
SA_TU_458,Mixed
SA_TU_459,Positive
SA_TU_460,Neutral
SA_TU_461,Not Tulu
SA_TU_462,Neutral
SA_TU_463,Neutral
SA_TU_464,Positive
SA_TU_465,Neutral
SA_TU_466,Not Tulu
SA_TU_467,Not Tulu
SA_TU_468,Positive
SA_TU_469,Not Tulu
SA_TU_470,Neutral
SA_TU_471,Neutral
SA_TU_472,Positive
SA_TU_473,Not Tulu
SA_TU_474,Negative
SA_TU_475,Neutral
SA_TU_476,Not Tulu
SA_TU_477,Not Tulu
SA_TU_478,Positive
SA_TU_479,Neutral
SA_TU_480,Not Tulu
SA_TU_481,Positive
SA_TU_482,Not Tulu
SA_TU_483,Not Tulu
SA_TU_484,Not Tulu
SA_TU_485,Neutral
SA_TU_486,Positive
SA_TU_487,Mixed
SA_TU_488,Positive
SA_TU_489,Negative
SA_TU_490,Positive
SA_TU_491,Not Tulu
SA_TU_492,Not Tulu
SA_TU_493,Positive
SA_TU_494,Mixed
SA_TU_495,Positive
SA_TU_496,Negative
SA_TU_497,Positive
SA_TU_498,Not Tulu
SA_TU_499,Negative
SA_TU_500,Mixed
SA_TU_501,Mixed
SA_TU_502,Neutral
SA_TU_503,Not Tulu
SA_TU_504,Negative
SA_TU_505,Not Tulu
SA_TU_506,Mixed
SA_TU_507,Not Tulu
SA_TU_508,Not Tulu
SA_TU_509,Positive
SA_TU_510,Positive
SA_TU_511,Not Tulu
SA_TU_512,Negative
SA_TU_513,Neutral
SA_TU_514,Not Tulu
SA_TU_515,Negative
SA_TU_516,Not Tulu
SA_TU_517,Neutral
SA_TU_518,Neutral
SA_TU_519,Positive
SA_TU_520,Not Tulu
SA_TU_521,Neutral
SA_TU_522,Neutral
SA_TU_523,Not Tulu
SA_TU_524,Mixed
SA_TU_525,Neutral
SA_TU_526,Not Tulu
SA_TU_527,Neutral
SA_TU_528,Neutral
SA_TU_529,Mixed
SA_TU_530,Positive
SA_TU_531,Neutral
SA_TU_532,Positive
SA_TU_533,Negative
SA_TU_534,Neutral
SA_TU_535,Mixed
SA_TU_536,Mixed
SA_TU_537,Neutral
SA_TU_538,Not Tulu
SA_TU_539,Not Tulu
SA_TU_540,Positive
SA_TU_541,Positive
SA_TU_542,Not Tulu
SA_TU_543,Negative
SA_TU_544,Positive
SA_TU_545,Not Tulu
SA_TU_546,Mixed
SA_TU_547,Positive
SA_TU_548,Mixed
SA_TU_549,Positive
SA_TU_550,Neutral
SA_TU_551,Positive
SA_TU_552,Not Tulu
SA_TU_553,Negative
SA_TU_554,Not Tulu
SA_TU_555,Neutral
SA_TU_556,Not Tulu
SA_TU_557,Not Tulu
SA_TU_558,Mixed
SA_TU_559,Neutral
SA_TU_560,Positive
SA_TU_561,Not Tulu
SA_TU_562,Positive
SA_TU_563,Not Tulu
SA_TU_564,Not Tulu
SA_TU_565,Positive
SA_TU_566,Not Tulu
SA_TU_567,Not Tulu
SA_TU_568,Not Tulu
SA_TU_569,Not Tulu
SA_TU_570,Positive
SA_TU_571,Not Tulu
SA_TU_572,Not Tulu
SA_TU_573,Not Tulu
SA_TU_574,Positive
SA_TU_575,Positive
SA_TU_576,Mixed
SA_TU_577,Positive
SA_TU_578,Mixed
SA_TU_579,Positive
SA_TU_580,Neutral
SA_TU_581,Not Tulu
SA_TU_582,Not Tulu
SA_TU_583,Neutral
SA_TU_584,Mixed
SA_TU_585,Not Tulu
SA_TU_586,Not Tulu
SA_TU_587,Not Tulu
SA_TU_588,Not Tulu
SA_TU_589,Negative
SA_TU_590,Neutral
SA_TU_591,Positive
SA_TU_592,Not Tulu
SA_TU_593,Not Tulu
SA_TU_594,Positive
SA_TU_595,Negative
SA_TU_596,Negative
SA_TU_597,Positive
SA_TU_598,Positive
SA_TU_599,Not Tulu
SA_TU_600,Negative
SA_TU_601,Not Tulu
SA_TU_602,Positive
SA_TU_603,Neutral
SA_TU_604,Mixed
SA_TU_605,Positive
SA_TU_606,Not Tulu
SA_TU_607,Negative
SA_TU_608,Mixed
SA_TU_609,Neutral
SA_TU_610,Not Tulu
SA_TU_611,Mixed
SA_TU_612,Not Tulu
SA_TU_613,Negative
SA_TU_614,Mixed
SA_TU_615,Neutral
SA_TU_616,Neutral
SA_TU_617,Positive
SA_TU_618,Positive
SA_TU_619,Neutral
SA_TU_620,Neutral
SA_TU_621,Neutral
SA_TU_622,Neutral
SA_TU_623,Negative
SA_TU_624,Positive
SA_TU_625,Neutral
SA_TU_626,Positive
SA_TU_627,Not Tulu
SA_TU_628,Negative
SA_TU_629,Not Tulu
SA_TU_630,Positive
SA_TU_631,Negative
SA_TU_632,Neutral
SA_TU_633,Positive
SA_TU_634,Positive
SA_TU_635,Positive
SA_TU_636,Not Tulu
SA_TU_637,Neutral
SA_TU_638,Positive
SA_TU_639,Mixed
SA_TU_640,Neutral
SA_TU_641,Not Tulu
SA_TU_642,Not Tulu
SA_TU_643,Not Tulu
SA_TU_644,Positive
SA_TU_645,Neutral
SA_TU_646,Not Tulu
SA_TU_647,Positive
SA_TU_648,Neutral
SA_TU_649,Positive
SA_TU_650,Positive
SA_TU_651,Mixed
SA_TU_652,Not Tulu
SA_TU_653,Positive
SA_TU_654,Not Tulu
SA_TU_655,Positive
SA_TU_656,Mixed
SA_TU_657,Not Tulu
SA_TU_658,Mixed
SA_TU_659,Positive
SA_TU_660,Neutral
SA_TU_661,Not Tulu
SA_TU_662,Negative
SA_TU_663,Not Tulu
SA_TU_664,Positive
SA_TU_665,Not Tulu
SA_TU_666,Not Tulu
SA_TU_667,Mixed
SA_TU_668,Neutral
SA_TU_669,Positive
SA_TU_670,Neutral
SA_TU_671,Neutral
SA_TU_672,Positive
SA_TU_673,Positive
SA_TU_674,Not Tulu
SA_TU_675,Negative
SA_TU_676,Positive
SA_TU_677,Neutral
SA_TU_678,Not Tulu
SA_TU_679,Not Tulu
SA_TU_680,Neutral
SA_TU_681,Not Tulu
SA_TU_682,Negative
SA_TU_683,Positive
SA_TU_684,Not Tulu
SA_TU_685,Not Tulu
SA_TU_686,Negative
SA_TU_687,Mixed
SA_TU_688,Mixed
SA_TU_689,Neutral
SA_TU_690,Mixed
SA_TU_691,Mixed
SA_TU_692,Neutral
SA_TU_693,Not Tulu
SA_TU_694,Neutral
SA_TU_695,Not Tulu
SA_TU_696,Mixed
SA_TU_697,Not Tulu
SA_TU_698,Mixed
SA_TU_699,Positive
SA_TU_700,Neutral
SA_TU_701,Positive
SA_TU_702,Not Tulu
SA_TU_703,Neutral
SA_TU_704,Neutral
SA_TU_705,Mixed
SA_TU_706,Neutral
SA_TU_707,Mixed
SA_TU_708,Not Tulu
SA_TU_709,Positive
SA_TU_710,Not Tulu
SA_TU_711,Mixed
SA_TU_712,Not Tulu
SA_TU_713,Not Tulu
SA_TU_714,Neutral
SA_TU_715,Not Tulu
SA_TU_716,Not Tulu
SA_TU_717,Mixed
SA_TU_718,Not Tulu
SA_TU_719,Neutral
SA_TU_720,Positive
SA_TU_721,Not Tulu
SA_TU_722,Not Tulu
SA_TU_723,Not Tulu
SA_TU_724,Positive
SA_TU_725,Mixed
SA_TU_726,Positive
SA_TU_727,Not Tulu
SA_TU_728,Positive
SA_TU_729,Not Tulu
SA_TU_730,Not Tulu
SA_TU_731,Not Tulu
SA_TU_732,Not Tulu
SA_TU_733,Not Tulu
SA_TU_734,Mixed
SA_TU_735,Neutral
SA_TU_736,Not Tulu
SA_TU_737,Positive
SA_TU_738,Positive
SA_TU_739,Negative
SA_TU_740,Not Tulu
SA_TU_741,Positive
SA_TU_742,Neutral
SA_TU_743,Not Tulu
SA_TU_744,Positive
SA_TU_745,Positive
SA_TU_746,Neutral
SA_TU_747,Not Tulu
SA_TU_748,Not Tulu
SA_TU_749,Positive
SA_TU_750,Positive
SA_TU_751,Not Tulu
SA_TU_752,Positive
SA_TU_753,Positive
SA_TU_754,Positive
SA_TU_755,Not Tulu
SA_TU_756,Negative
SA_TU_757,Not Tulu
SA_TU_758,Not Tulu
SA_TU_759,Neutral
SA_TU_760,Positive
SA_TU_761,Positive
SA_TU_762,Neutral
SA_TU_763,Mixed
SA_TU_764,Mixed
SA_TU_765,Neutral
SA_TU_766,Mixed
SA_TU_767,Not Tulu
SA_TU_768,Positive
SA_TU_769,Mixed
SA_TU_770,Positive
SA_TU_771,Positive
SA_TU_772,Neutral
SA_TU_773,Not Tulu
SA_TU_774,Not Tulu
SA_TU_775,Positive
SA_TU_776,Positive
SA_TU_777,Not Tulu
SA_TU_778,Positive
SA_TU_779,Not Tulu
SA_TU_780,Not Tulu
SA_TU_781,Not Tulu
SA_TU_782,Negative
SA_TU_783,Neutral
SA_TU_784,Mixed
SA_TU_785,Not Tulu
SA_TU_786,Not Tulu
SA_TU_787,Positive
SA_TU_788,Positive
SA_TU_789,Not Tulu
SA_TU_790,Not Tulu
SA_TU_791,Mixed
SA_TU_792,Positive
SA_TU_793,Not Tulu
SA_TU_794,Positive
SA_TU_795,Neutral
SA_TU_796,Mixed
SA_TU_797,Mixed
SA_TU_798,Neutral
SA_TU_799,Not Tulu
SA_TU_800,Not Tulu
SA_TU_801,Positive
SA_TU_802,Positive
SA_TU_803,Positive
SA_TU_804,Neutral
SA_TU_805,Mixed
SA_TU_806,Not Tulu
SA_TU_807,Positive
SA_TU_808,Positive
SA_TU_809,Positive
SA_TU_810,Positive
SA_TU_811,Not Tulu
SA_TU_812,Negative
SA_TU_813,Not Tulu
SA_TU_814,Not Tulu
SA_TU_815,Mixed
SA_TU_816,Mixed
SA_TU_817,Not Tulu
SA_TU_818,Positive
SA_TU_819,Positive
SA_TU_820,Positive
SA_TU_821,Not Tulu
SA_TU_822,Not Tulu
SA_TU_823,Positive
SA_TU_824,Positive
SA_TU_825,Negative
SA_TU_826,Neutral
SA_TU_827,Neutral
SA_TU_828,Positive
SA_TU_829,Positive
SA_TU_830,Positive
SA_TU_831,Mixed
SA_TU_832,Neutral
SA_TU_833,Neutral
SA_TU_834,Neutral
SA_TU_835,Positive
SA_TU_836,Not Tulu
SA_TU_837,Positive
SA_TU_838,Positive
SA_TU_839,Positive
SA_TU_840,Not Tulu
SA_TU_841,Neutral
SA_TU_842,Neutral
SA_TU_843,Not Tulu
SA_TU_844,Positive
SA_TU_845,Positive
SA_TU_846,Mixed
SA_TU_847,Negative
SA_TU_848,Not Tulu
SA_TU_849,Neutral
SA_TU_850,Not Tulu
SA_TU_851,Mixed
SA_TU_852,Neutral
SA_TU_853,Not Tulu
SA_TU_854,Not Tulu
SA_TU_855,Positive
SA_TU_856,Not Tulu
SA_TU_857,Neutral
SA_TU_858,Not Tulu
SA_TU_859,Neutral
SA_TU_860,Neutral
SA_TU_861,Mixed
SA_TU_862,Not Tulu
SA_TU_863,Not Tulu
SA_TU_864,Mixed
SA_TU_865,Positive
SA_TU_866,Not Tulu
SA_TU_867,Neutral
SA_TU_868,Negative
SA_TU_869,Mixed
SA_TU_870,Not Tulu
SA_TU_871,Not Tulu
SA_TU_872,Neutral
SA_TU_873,Not Tulu
SA_TU_874,Positive
SA_TU_875,Positive
SA_TU_876,Neutral
SA_TU_877,Neutral
SA_TU_878,Not Tulu
SA_TU_879,Positive
SA_TU_880,Mixed
SA_TU_881,Negative
SA_TU_882,Positive
SA_TU_883,Negative
SA_TU_884,Neutral
SA_TU_885,Not Tulu
SA_TU_886,Positive
SA_TU_887,Neutral
SA_TU_888,Positive
SA_TU_889,Mixed
SA_TU_890,Mixed
SA_TU_891,Not Tulu
SA_TU_892,Neutral
SA_TU_893,Not Tulu
SA_TU_894,Not Tulu
SA_TU_895,Neutral
SA_TU_896,Positive
SA_TU_897,Negative
SA_TU_898,Mixed
SA_TU_899,Positive
SA_TU_900,Neutral
SA_TU_901,Not Tulu
SA_TU_902,Negative
SA_TU_903,Positive
SA_TU_904,Positive
SA_TU_905,Not Tulu
SA_TU_906,Negative
SA_TU_907,Negative
SA_TU_908,Neutral
SA_TU_909,Neutral
SA_TU_910,Neutral
SA_TU_911,Neutral
SA_TU_912,Not Tulu
SA_TU_913,Not Tulu
SA_TU_914,Not Tulu
SA_TU_915,Not Tulu
SA_TU_916,Neutral
SA_TU_917,Positive
SA_TU_918,Not Tulu
SA_TU_919,Neutral
SA_TU_920,Mixed
SA_TU_921,Positive
SA_TU_922,Positive
SA_TU_923,Negative
SA_TU_924,Not Tulu
SA_TU_925,Not Tulu
SA_TU_926,Neutral
SA_TU_927,Not Tulu
SA_TU_928,Not Tulu
SA_TU_929,Positive
SA_TU_930,Neutral
SA_TU_931,Not Tulu
SA_TU_932,Positive
SA_TU_933,Not Tulu
SA_TU_934,Neutral
SA_TU_935,Positive
SA_TU_936,Not Tulu
SA_TU_937,Not Tulu
SA_TU_938,Not Tulu
SA_TU_939,Negative
SA_TU_940,Positive
SA_TU_941,Positive
SA_TU_942,Neutral
SA_TU_943,Positive
SA_TU_944,Neutral
SA_TU_945,Not Tulu
SA_TU_946,Mixed
SA_TU_947,Negative
SA_TU_948,Mixed
SA_TU_949,Neutral
SA_TU_950,Positive
SA_TU_951,Negative
SA_TU_952,Mixed
SA_TU_953,Not Tulu
SA_TU_954,Not Tulu
SA_TU_955,Positive
SA_TU_956,Positive
SA_TU_957,Not Tulu
SA_TU_958,Positive
SA_TU_959,Neutral
SA_TU_960,Neutral
SA_TU_961,Positive
SA_TU_962,Neutral
SA_TU_963,Neutral
SA_TU_964,Neutral
SA_TU_965,Not Tulu
SA_TU_966,Positive
SA_TU_967,Neutral
SA_TU_968,Neutral
SA_TU_969,Not Tulu
SA_TU_970,Not Tulu
SA_TU_971,Positive
SA_TU_972,Neutral
SA_TU_973,Mixed
SA_TU_974,Mixed
SA_TU_975,Not Tulu
SA_TU_976,Neutral
SA_TU_977,Neutral
SA_TU_978,Mixed
SA_TU_979,Neutral
SA_TU_980,Not Tulu
SA_TU_981,Not Tulu
SA_TU_982,Neutral
SA_TU_983,Mixed
SA_TU_984,Mixed
SA_TU_985,Neutral
SA_TU_986,Not Tulu
SA_TU_987,Positive
SA_TU_988,Positive
SA_TU_989,Not Tulu
SA_TU_990,Not Tulu
SA_TU_991,Not Tulu
SA_TU_992,Negative
SA_TU_993,Not Tulu
SA_TU_994,Neutral
SA_TU_995,Not Tulu
SA_TU_996,Neutral
SA_TU_997,Neutral
SA_TU_998,Not Tulu
SA_TU_999,Neutral
SA_TU_1000,Not Tulu
SA_TU_1001,Mixed
SA_TU_1002,Not Tulu
SA_TU_1003,Not Tulu
SA_TU_1004,Neutral
SA_TU_1005,Positive
SA_TU_1006,Positive
SA_TU_1007,Neutral
SA_TU_1008,Positive
SA_TU_1009,Negative
SA_TU_1010,Neutral
SA_TU_1011,Negative
SA_TU_1012,Not Tulu
SA_TU_1013,Positive
SA_TU_1014,Mixed
SA_TU_1015,Mixed
SA_TU_1016,Not Tulu
SA_TU_1017,Neutral
SA_TU_1018,Mixed
SA_TU_1019,Neutral
SA_TU_1020,Not Tulu
SA_TU_1021,Positive
SA_TU_1022,Positive
SA_TU_1023,Neutral
SA_TU_1024,Not Tulu
SA_TU_1025,Not Tulu
SA_TU_1026,Mixed
SA_TU_1027,Positive
SA_TU_1028,Not Tulu
SA_TU_1029,Not Tulu
SA_TU_1030,Positive
SA_TU_1031,Positive
SA_TU_1032,Neutral
SA_TU_1033,Neutral
SA_TU_1034,Positive
SA_TU_1035,Positive
SA_TU_1036,Neutral
SA_TU_1037,Not Tulu
SA_TU_1038,Positive
SA_TU_1039,Neutral
SA_TU_1040,Neutral
SA_TU_1041,Positive
SA_TU_1042,Positive
SA_TU_1043,Positive
SA_TU_1044,Not Tulu
SA_TU_1045,Negative
SA_TU_1046,Not Tulu
SA_TU_1047,Positive
SA_TU_1048,Neutral
SA_TU_1049,Mixed
SA_TU_1050,Positive
SA_TU_1051,Positive
SA_TU_1052,Positive
SA_TU_1053,Positive
SA_TU_1054,Not Tulu
SA_TU_1055,Not Tulu
SA_TU_1056,Negative
SA_TU_1057,Positive
SA_TU_1058,Not Tulu
SA_TU_1059,Mixed
SA_TU_1060,Not Tulu
SA_TU_1061,Not Tulu
SA_TU_1062,Positive
SA_TU_1063,Negative
SA_TU_1064,Not Tulu
SA_TU_1065,Negative
SA_TU_1066,Negative
SA_TU_1067,Neutral
SA_TU_1068,Mixed
SA_TU_1069,Positive
SA_TU_1070,Mixed
SA_TU_1071,Mixed
SA_TU_1072,Neutral
SA_TU_1073,Not Tulu
SA_TU_1074,Not Tulu
SA_TU_1075,Positive
SA_TU_1076,Mixed
SA_TU_1077,Not Tulu
SA_TU_1078,Mixed
SA_TU_1079,Positive
SA_TU_1080,Neutral
SA_TU_1081,Mixed
SA_TU_1082,Not Tulu
SA_TU_1083,Not Tulu
SA_TU_1084,Neutral
SA_TU_1085,Not Tulu
SA_TU_1086,Not Tulu
SA_TU_1087,Negative
SA_TU_1088,Not Tulu
SA_TU_1089,Positive
SA_TU_1090,Neutral
SA_TU_1091,Negative
SA_TU_1092,Negative
SA_TU_1093,Not Tulu
SA_TU_1094,Not Tulu
SA_TU_1095,Positive
SA_TU_1096,Not Tulu
SA_TU_1097,Positive
SA_TU_1098,Neutral
SA_TU_1099,Neutral
SA_TU_1100,Neutral
SA_TU_1101,Positive
SA_TU_1102,Mixed
SA_TU_1103,Neutral
SA_TU_1104,Neutral
SA_TU_1105,Not Tulu
SA_TU_1106,Not Tulu
SA_TU_1107,Negative
SA_TU_1108,Not Tulu
SA_TU_1109,Positive
SA_TU_1110,Neutral
SA_TU_1111,Neutral
SA_TU_1112,Positive
SA_TU_1113,Positive
SA_TU_1114,Not Tulu
SA_TU_1115,Positive
SA_TU_1116,Negative
SA_TU_1117,Not Tulu
SA_TU_1118,Not Tulu
SA_TU_1119,Not Tulu
SA_TU_1120,Not Tulu
SA_TU_1121,Mixed
SA_TU_1122,Neutral
SA_TU_1123,Not Tulu
SA_TU_1124,Positive
SA_TU_1125,Negative
SA_TU_1126,Negative
SA_TU_1127,Mixed
SA_TU_1128,Positive
SA_TU_1129,Not Tulu
SA_TU_1130,Negative
SA_TU_1131,Mixed
SA_TU_1132,Positive
SA_TU_1133,Not Tulu
SA_TU_1134,Positive
SA_TU_1135,Mixed
SA_TU_1136,Not Tulu
SA_TU_1137,Positive
SA_TU_1138,Neutral
SA_TU_1139,Positive
SA_TU_1140,Neutral
SA_TU_1141,Positive
SA_TU_1142,Not Tulu
SA_TU_1143,Positive
SA_TU_1144,Not Tulu
SA_TU_1145,Negative
SA_TU_1146,Not Tulu
SA_TU_1147,Not Tulu
SA_TU_1148,Negative
SA_TU_1149,Negative
SA_TU_1150,Neutral
SA_TU_1151,Not Tulu
SA_TU_1152,Not Tulu
SA_TU_1153,Positive
SA_TU_1154,Negative
SA_TU_1155,Neutral
SA_TU_1156,Negative
SA_TU_1157,Positive
SA_TU_1158,Positive
SA_TU_1159,Positive
SA_TU_1160,Positive
SA_TU_1161,Neutral
SA_TU_1162,Not Tulu
SA_TU_1163,Neutral
SA_TU_1164,Positive
SA_TU_1165,Not Tulu
SA_TU_1166,Not Tulu
SA_TU_1167,Negative
SA_TU_1168,Not Tulu
SA_TU_1169,Not Tulu
SA_TU_1170,Negative
SA_TU_1171,Positive
SA_TU_1172,Not Tulu
SA_TU_1173,Not Tulu
SA_TU_1174,Not Tulu
SA_TU_1175,Negative
SA_TU_1176,Positive
SA_TU_1177,Not Tulu
SA_TU_1178,Mixed
SA_TU_1179,Not Tulu
SA_TU_1180,Not Tulu
SA_TU_1181,Positive
SA_TU_1182,Neutral
SA_TU_1183,Positive
SA_TU_1184,Negative
SA_TU_1185,Neutral
SA_TU_1186,Not Tulu
SA_TU_1187,Mixed
SA_TU_1188,Neutral
SA_TU_1189,Positive
SA_TU_1190,Positive
SA_TU_1191,Not Tulu
SA_TU_1192,Neutral
SA_TU_1193,Negative
SA_TU_1194,Positive
SA_TU_1195,Positive
SA_TU_1196,Not Tulu
SA_TU_1197,Not Tulu
SA_TU_1198,Positive
SA_TU_1199,Positive
SA_TU_1200,Positive
SA_TU_1201,Not Tulu
SA_TU_1202,Neutral
SA_TU_1203,Not Tulu
SA_TU_1204,Positive
SA_TU_1205,Not Tulu
SA_TU_1206,Neutral
SA_TU_1207,Neutral
SA_TU_1208,Positive
SA_TU_1209,Positive
SA_TU_1210,Mixed
SA_TU_1211,Not Tulu
SA_TU_1212,Neutral
SA_TU_1213,Not Tulu
SA_TU_1214,Neutral
SA_TU_1215,Negative
SA_TU_1216,Not Tulu
SA_TU_1217,Not Tulu
SA_TU_1218,Not Tulu
SA_TU_1219,Not Tulu
SA_TU_1220,Neutral
SA_TU_1221,Mixed
SA_TU_1222,Positive
SA_TU_1223,Not Tulu
SA_TU_1224,Not Tulu
SA_TU_1225,Mixed
SA_TU_1226,Positive
SA_TU_1227,Mixed
SA_TU_1228,Not Tulu
SA_TU_1229,Not Tulu
SA_TU_1230,Negative
SA_TU_1231,Not Tulu
SA_TU_1232,Not Tulu
SA_TU_1233,Neutral
SA_TU_1234,Neutral
SA_TU_1235,Not Tulu
SA_TU_1236,Mixed
SA_TU_1237,Positive
SA_TU_1238,Positive
SA_TU_1239,Not Tulu
SA_TU_1240,Not Tulu
SA_TU_1241,Not Tulu
SA_TU_1242,Neutral
SA_TU_1243,Positive
SA_TU_1244,Negative
SA_TU_1245,Negative
SA_TU_1246,Not Tulu
SA_TU_1247,Neutral
SA_TU_1248,Neutral
SA_TU_1249,Positive
SA_TU_1250,Mixed
SA_TU_1251,Not Tulu
SA_TU_1252,Negative
SA_TU_1253,Positive
SA_TU_1254,Not Tulu
SA_TU_1255,Neutral
SA_TU_1256,Not Tulu
SA_TU_1257,Positive
SA_TU_1258,Neutral
SA_TU_1259,Not Tulu
SA_TU_1260,Mixed
SA_TU_1261,Not Tulu
SA_TU_1262,Not Tulu
SA_TU_1263,Not Tulu
SA_TU_1264,Positive
SA_TU_1265,Not Tulu
SA_TU_1266,Neutral
SA_TU_1267,Not Tulu
SA_TU_1268,Mixed
SA_TU_1269,Mixed
SA_TU_1270,Positive
SA_TU_1271,Positive
SA_TU_1272,Positive
SA_TU_1273,Negative
SA_TU_1274,Not Tulu
SA_TU_1275,Neutral
SA_TU_1276,Positive
SA_TU_1277,Mixed
SA_TU_1278,Positive
SA_TU_1279,Neutral
SA_TU_1280,Positive
SA_TU_1281,Mixed
SA_TU_1282,Positive
SA_TU_1283,Positive
SA_TU_1284,Not Tulu
SA_TU_1285,Mixed
SA_TU_1286,Not Tulu
SA_TU_1287,Not Tulu
SA_TU_1288,Not Tulu
SA_TU_1289,Neutral
SA_TU_1290,Negative
SA_TU_1291,Neutral
SA_TU_1292,Not Tulu
SA_TU_1293,Not Tulu
SA_TU_1294,Positive
SA_TU_1295,Mixed
SA_TU_1296,Not Tulu
SA_TU_1297,Positive
SA_TU_1298,Not Tulu
SA_TU_1299,Positive
SA_TU_1300,Mixed
SA_TU_1301,Not Tulu
SA_TU_1302,Positive
SA_TU_1303,Neutral
SA_TU_1304,Positive
SA_TU_1305,Neutral
SA_TU_1306,Mixed
SA_TU_1307,Mixed
SA_TU_1308,Positive
SA_TU_1309,Negative
SA_TU_1310,Positive
SA_TU_1311,Positive
SA_TU_1312,Positive
SA_TU_1313,Neutral
SA_TU_1314,Positive
SA_TU_1315,Positive
SA_TU_1316,Not Tulu
SA_TU_1317,Not Tulu
SA_TU_1318,Not Tulu
SA_TU_1319,Positive
SA_TU_1320,Positive
SA_TU_1321,Positive
SA_TU_1322,Mixed
SA_TU_1323,Not Tulu
SA_TU_1324,Negative
SA_TU_1325,Positive
SA_TU_1326,Negative
SA_TU_1327,Not Tulu
SA_TU_1328,Not Tulu
SA_TU_1329,Not Tulu
SA_TU_1330,Mixed
SA_TU_1331,Positive
SA_TU_1332,Mixed
SA_TU_1333,Neutral
SA_TU_1334,Negative
SA_TU_1335,Positive
SA_TU_1336,Positive
SA_TU_1337,Mixed
SA_TU_1338,Negative
SA_TU_1339,Negative
SA_TU_1340,Not Tulu
SA_TU_1341,Neutral
SA_TU_1342,Not Tulu
SA_TU_1343,Not Tulu
SA_TU_1344,Positive
SA_TU_1345,Negative
SA_TU_1346,Negative
SA_TU_1347,Positive
SA_TU_1348,Not Tulu
SA_TU_1349,Mixed
SA_TU_1350,Neutral
SA_TU_1351,Mixed
SA_TU_1352,Negative
SA_TU_1353,Not Tulu
SA_TU_1354,Negative
SA_TU_1355,Not Tulu
SA_TU_1356,Not Tulu
SA_TU_1357,Not Tulu
SA_TU_1358,Positive
SA_TU_1359,Not Tulu
SA_TU_1360,Not Tulu
SA_TU_1361,Not Tulu
SA_TU_1362,Positive
SA_TU_1363,Neutral
SA_TU_1364,Not Tulu
SA_TU_1365,Neutral
SA_TU_1366,Mixed
SA_TU_1367,Not Tulu
SA_TU_1368,Positive
SA_TU_1369,Neutral
SA_TU_1370,Negative
SA_TU_1371,Positive
SA_TU_1372,Neutral
SA_TU_1373,Positive
SA_TU_1374,Negative
SA_TU_1375,Neutral
SA_TU_1376,Positive
SA_TU_1377,Not Tulu
SA_TU_1378,Not Tulu
SA_TU_1379,Positive
SA_TU_1380,Positive
SA_TU_1381,Positive
SA_TU_1382,Not Tulu
SA_TU_1383,Neutral
SA_TU_1384,Neutral
SA_TU_1385,Neutral
SA_TU_1386,Positive
SA_TU_1387,Neutral
SA_TU_1388,Positive
SA_TU_1389,Not Tulu
SA_TU_1390,Not Tulu
SA_TU_1391,Mixed
SA_TU_1392,Mixed
SA_TU_1393,Neutral
SA_TU_1394,Not Tulu
SA_TU_1395,Positive
SA_TU_1396,Negative
SA_TU_1397,Positive
SA_TU_1398,Not Tulu
SA_TU_1399,Mixed
SA_TU_1400,Not Tulu
SA_TU_1401,Neutral
SA_TU_1402,Not Tulu
SA_TU_1403,Positive
SA_TU_1404,Not Tulu
SA_TU_1405,Positive
SA_TU_1406,Negative
SA_TU_1407,Not Tulu
SA_TU_1408,Neutral
SA_TU_1409,Neutral
SA_TU_1410,Not Tulu
SA_TU_1411,Positive
SA_TU_1412,Not Tulu
SA_TU_1413,Positive
SA_TU_1414,Positive
SA_TU_1415,Not Tulu
SA_TU_1416,Neutral
SA_TU_1417,Not Tulu
SA_TU_1418,Negative
SA_TU_1419,Neutral
SA_TU_1420,Positive
SA_TU_1421,Neutral
SA_TU_1422,Positive
SA_TU_1423,Not Tulu
SA_TU_1424,Neutral
SA_TU_1425,Positive
SA_TU_1426,Negative
SA_TU_1427,Neutral
SA_TU_1428,Neutral
SA_TU_1429,Neutral
SA_TU_1430,Positive
SA_TU_1431,Positive
SA_TU_1432,Positive
SA_TU_1433,Not Tulu
SA_TU_1434,Positive
SA_TU_1435,Negative
SA_TU_1436,Positive
SA_TU_1437,Not Tulu
SA_TU_1438,Positive
SA_TU_1439,Positive
SA_TU_1440,Positive
SA_TU_1441,Positive
SA_TU_1442,Positive
SA_TU_1443,Not Tulu
SA_TU_1444,Negative
SA_TU_1445,Neutral
SA_TU_1446,Positive
SA_TU_1447,Not Tulu
SA_TU_1448,Not Tulu
SA_TU_1449,Not Tulu
SA_TU_1450,Neutral
SA_TU_1451,Neutral
SA_TU_1452,Not Tulu
SA_TU_1453,Not Tulu
SA_TU_1454,Positive
SA_TU_1455,Positive
SA_TU_1456,Neutral
SA_TU_1457,Positive
SA_TU_1458,Neutral
SA_TU_1459,Positive
SA_TU_1460,Mixed
SA_TU_1461,Mixed
SA_TU_1462,Positive
SA_TU_1463,Negative
SA_TU_1464,Positive
SA_TU_1465,Negative
SA_TU_1466,Neutral
SA_TU_1467,Positive
SA_TU_1468,Negative
SA_TU_1469,Neutral
SA_TU_1470,Neutral
SA_TU_1471,Not Tulu
SA_TU_1472,Positive
SA_TU_1473,Not Tulu
SA_TU_1474,Neutral
SA_TU_1475,Negative
SA_TU_1476,Mixed
SA_TU_1477,Not Tulu
SA_TU_1478,Mixed
SA_TU_1479,Neutral
