Id,Labels
SA_Ta_01,Positive
SA_Ta_02,unknown_state
SA_Ta_03,unknown_state
SA_Ta_04,Mixed_feelings
SA_Ta_05,Negative
SA_Ta_06,Positive
SA_Ta_07,Negative
SA_Ta_08,Positive
SA_Ta_09,Positive
SA_Ta_10,Positive
SA_Ta_11,Negative
SA_Ta_12,Mixed_feelings
SA_Ta_13,unknown_state
SA_Ta_14,Positive
SA_Ta_15,unknown_state
SA_Ta_16,Positive
SA_Ta_17,unknown_state
SA_Ta_18,Mixed_feelings
SA_Ta_19,Mixed_feelings
SA_Ta_20,Mixed_feelings
SA_Ta_21,Mixed_feelings
SA_Ta_22,Positive
SA_Ta_23,unknown_state
SA_Ta_24,unknown_state
SA_Ta_25,Positive
SA_Ta_26,Positive
SA_Ta_27,Negative
SA_Ta_28,Mixed_feelings
SA_Ta_29,Negative
SA_Ta_30,Negative
SA_Ta_31,Mixed_feelings
SA_Ta_32,Mixed_feelings
SA_Ta_33,unknown_state
SA_Ta_34,Positive
SA_Ta_35,Positive
SA_Ta_36,Positive
SA_Ta_37,unknown_state
SA_Ta_38,Mixed_feelings
SA_Ta_39,Negative
SA_Ta_40,Positive
SA_Ta_41,Positive
SA_Ta_42,Negative
SA_Ta_43,Mixed_feelings
SA_Ta_44,Negative
SA_Ta_45,Mixed_feelings
SA_Ta_46,Positive
SA_Ta_47,Positive
SA_Ta_48,Mixed_feelings
SA_Ta_49,Mixed_feelings
SA_Ta_50,unknown_state
SA_Ta_51,Positive
SA_Ta_52,unknown_state
SA_Ta_53,Mixed_feelings
SA_Ta_54,Mixed_feelings
SA_Ta_55,Negative
SA_Ta_56,Positive
SA_Ta_57,Positive
SA_Ta_58,unknown_state
SA_Ta_59,Positive
SA_Ta_60,unknown_state
SA_Ta_61,Positive
SA_Ta_62,Mixed_feelings
SA_Ta_63,Positive
SA_Ta_64,Negative
SA_Ta_65,unknown_state
SA_Ta_66,unknown_state
SA_Ta_67,unknown_state
SA_Ta_68,Positive
SA_Ta_69,Positive
SA_Ta_70,Positive
SA_Ta_71,Positive
SA_Ta_72,unknown_state
SA_Ta_73,Negative
SA_Ta_74,Positive
SA_Ta_75,Negative
SA_Ta_76,unknown_state
SA_Ta_77,unknown_state
SA_Ta_78,Negative
SA_Ta_79,Positive
SA_Ta_80,Positive
SA_Ta_81,Positive
SA_Ta_82,Positive
SA_Ta_83,Positive
SA_Ta_84,Positive
SA_Ta_85,Mixed_feelings
SA_Ta_86,Positive
SA_Ta_87,unknown_state
SA_Ta_88,Positive
SA_Ta_89,Positive
SA_Ta_90,unknown_state
SA_Ta_91,Negative
SA_Ta_92,Positive
SA_Ta_93,Positive
SA_Ta_94,Mixed_feelings
SA_Ta_95,Mixed_feelings
SA_Ta_96,Negative
SA_Ta_97,Mixed_feelings
SA_Ta_98,Positive
SA_Ta_99,Negative
SA_Ta_100,unknown_state
SA_Ta_101,Negative
SA_Ta_102,Negative
SA_Ta_103,Positive
SA_Ta_104,unknown_state
SA_Ta_105,Positive
SA_Ta_106,Mixed_feelings
SA_Ta_107,Positive
SA_Ta_108,Mixed_feelings
SA_Ta_109,Negative
SA_Ta_110,Negative
SA_Ta_111,unknown_state
SA_Ta_112,Mixed_feelings
SA_Ta_113,Positive
SA_Ta_114,unknown_state
SA_Ta_115,Positive
SA_Ta_116,Negative
SA_Ta_117,Positive
SA_Ta_118,unknown_state
SA_Ta_119,Positive
SA_Ta_120,unknown_state
SA_Ta_121,Positive
SA_Ta_122,Positive
SA_Ta_123,Positive
SA_Ta_124,Mixed_feelings
SA_Ta_125,Positive
SA_Ta_126,Positive
SA_Ta_127,Mixed_feelings
SA_Ta_128,Positive
SA_Ta_129,Mixed_feelings
SA_Ta_130,Mixed_feelings
SA_Ta_131,Positive
SA_Ta_132,Positive
SA_Ta_133,unknown_state
SA_Ta_134,Positive
SA_Ta_135,unknown_state
SA_Ta_136,Positive
SA_Ta_137,Positive
SA_Ta_138,Positive
SA_Ta_139,unknown_state
SA_Ta_140,Negative
SA_Ta_141,unknown_state
SA_Ta_142,unknown_state
SA_Ta_143,Mixed_feelings
SA_Ta_144,Positive
SA_Ta_145,Positive
SA_Ta_146,Positive
SA_Ta_147,Negative
SA_Ta_148,Positive
SA_Ta_149,unknown_state
SA_Ta_150,Positive
SA_Ta_151,Positive
SA_Ta_152,Positive
SA_Ta_153,Positive
SA_Ta_154,Positive
SA_Ta_155,Positive
SA_Ta_156,Mixed_feelings
SA_Ta_157,Positive
SA_Ta_158,Positive
SA_Ta_159,Mixed_feelings
SA_Ta_160,unknown_state
SA_Ta_161,Positive
SA_Ta_162,Negative
SA_Ta_163,Negative
SA_Ta_164,Negative
SA_Ta_165,Mixed_feelings
SA_Ta_166,Negative
SA_Ta_167,Mixed_feelings
SA_Ta_168,Positive
SA_Ta_169,unknown_state
SA_Ta_170,Positive
SA_Ta_171,unknown_state
SA_Ta_172,Positive
SA_Ta_173,Positive
SA_Ta_174,unknown_state
SA_Ta_175,Mixed_feelings
SA_Ta_176,Positive
SA_Ta_177,Negative
SA_Ta_178,unknown_state
SA_Ta_179,Negative
SA_Ta_180,unknown_state
SA_Ta_181,unknown_state
SA_Ta_182,unknown_state
SA_Ta_183,Positive
SA_Ta_184,Positive
SA_Ta_185,Positive
SA_Ta_186,Positive
SA_Ta_187,Mixed_feelings
SA_Ta_188,unknown_state
SA_Ta_189,Positive
SA_Ta_190,Mixed_feelings
SA_Ta_191,Mixed_feelings
SA_Ta_192,Negative
SA_Ta_193,Positive
SA_Ta_194,Positive
SA_Ta_195,Mixed_feelings
SA_Ta_196,Mixed_feelings
SA_Ta_197,Negative
SA_Ta_198,Positive
SA_Ta_199,Mixed_feelings
SA_Ta_200,Positive
SA_Ta_201,Positive
SA_Ta_202,Mixed_feelings
SA_Ta_203,Positive
SA_Ta_204,Mixed_feelings
SA_Ta_205,Positive
SA_Ta_206,unknown_state
SA_Ta_207,Positive
SA_Ta_208,Positive
SA_Ta_209,Positive
SA_Ta_210,Negative
SA_Ta_211,Mixed_feelings
SA_Ta_212,Positive
SA_Ta_213,Mixed_feelings
SA_Ta_214,Mixed_feelings
SA_Ta_215,Positive
SA_Ta_216,unknown_state
SA_Ta_217,Positive
SA_Ta_218,Mixed_feelings
SA_Ta_219,Positive
SA_Ta_220,Positive
SA_Ta_221,Negative
SA_Ta_222,Negative
SA_Ta_223,Mixed_feelings
SA_Ta_224,Positive
SA_Ta_225,unknown_state
SA_Ta_226,Mixed_feelings
SA_Ta_227,unknown_state
SA_Ta_228,unknown_state
SA_Ta_229,Positive
SA_Ta_230,Positive
SA_Ta_231,Positive
SA_Ta_232,Positive
SA_Ta_233,Mixed_feelings
SA_Ta_234,Mixed_feelings
SA_Ta_235,Positive
SA_Ta_236,unknown_state
SA_Ta_237,Negative
SA_Ta_238,unknown_state
SA_Ta_239,Negative
SA_Ta_240,Positive
SA_Ta_241,Negative
SA_Ta_242,unknown_state
SA_Ta_243,Positive
SA_Ta_244,unknown_state
SA_Ta_245,Positive
SA_Ta_246,unknown_state
SA_Ta_247,Positive
SA_Ta_248,Positive
SA_Ta_249,unknown_state
SA_Ta_250,unknown_state
SA_Ta_251,unknown_state
SA_Ta_252,Positive
SA_Ta_253,Mixed_feelings
SA_Ta_254,Negative
SA_Ta_255,unknown_state
SA_Ta_256,Positive
SA_Ta_257,Negative
SA_Ta_258,unknown_state
SA_Ta_259,unknown_state
SA_Ta_260,Positive
SA_Ta_261,Mixed_feelings
SA_Ta_262,Negative
SA_Ta_263,Positive
SA_Ta_264,unknown_state
SA_Ta_265,Positive
SA_Ta_266,Positive
SA_Ta_267,Positive
SA_Ta_268,Mixed_feelings
SA_Ta_269,Mixed_feelings
SA_Ta_270,Negative
SA_Ta_271,unknown_state
SA_Ta_272,Mixed_feelings
SA_Ta_273,unknown_state
SA_Ta_274,unknown_state
SA_Ta_275,unknown_state
SA_Ta_276,Positive
SA_Ta_277,Positive
SA_Ta_278,Mixed_feelings
SA_Ta_279,Positive
SA_Ta_280,unknown_state
SA_Ta_281,unknown_state
SA_Ta_282,Positive
SA_Ta_283,Mixed_feelings
SA_Ta_284,Positive
SA_Ta_285,Negative
SA_Ta_286,Positive
SA_Ta_287,Mixed_feelings
SA_Ta_288,Positive
SA_Ta_289,Negative
SA_Ta_290,Positive
SA_Ta_291,Positive
SA_Ta_292,unknown_state
SA_Ta_293,unknown_state
SA_Ta_294,Positive
SA_Ta_295,Mixed_feelings
SA_Ta_296,Positive
SA_Ta_297,Positive
SA_Ta_298,unknown_state
SA_Ta_299,Positive
SA_Ta_300,unknown_state
SA_Ta_301,Negative
SA_Ta_302,Negative
SA_Ta_303,Negative
SA_Ta_304,unknown_state
SA_Ta_305,Mixed_feelings
SA_Ta_306,Positive
SA_Ta_307,Positive
SA_Ta_308,Positive
SA_Ta_309,Negative
SA_Ta_310,unknown_state
SA_Ta_311,Mixed_feelings
SA_Ta_312,Positive
SA_Ta_313,Positive
SA_Ta_314,Mixed_feelings
SA_Ta_315,Mixed_feelings
SA_Ta_316,Positive
SA_Ta_317,Mixed_feelings
SA_Ta_318,Mixed_feelings
SA_Ta_319,unknown_state
SA_Ta_320,Positive
SA_Ta_321,Positive
SA_Ta_322,unknown_state
SA_Ta_323,Positive
SA_Ta_324,unknown_state
SA_Ta_325,Mixed_feelings
SA_Ta_326,Mixed_feelings
SA_Ta_327,Mixed_feelings
SA_Ta_328,unknown_state
SA_Ta_329,Negative
SA_Ta_330,Positive
SA_Ta_331,unknown_state
SA_Ta_332,Mixed_feelings
SA_Ta_333,unknown_state
SA_Ta_334,Negative
SA_Ta_335,Mixed_feelings
SA_Ta_336,Mixed_feelings
SA_Ta_337,unknown_state
SA_Ta_338,Negative
SA_Ta_339,Positive
SA_Ta_340,Positive
SA_Ta_341,Mixed_feelings
SA_Ta_342,unknown_state
SA_Ta_343,Negative
SA_Ta_344,Mixed_feelings
SA_Ta_345,Positive
SA_Ta_346,Mixed_feelings
SA_Ta_347,Positive
SA_Ta_348,Mixed_feelings
SA_Ta_349,Positive
SA_Ta_350,Negative
SA_Ta_351,Negative
SA_Ta_352,Positive
SA_Ta_353,unknown_state
SA_Ta_354,Positive
SA_Ta_355,Positive
SA_Ta_356,unknown_state
SA_Ta_357,Positive
SA_Ta_358,Positive
SA_Ta_359,Mixed_feelings
SA_Ta_360,Positive
SA_Ta_361,Positive
SA_Ta_362,Positive
SA_Ta_363,unknown_state
SA_Ta_364,unknown_state
SA_Ta_365,unknown_state
SA_Ta_366,Mixed_feelings
SA_Ta_367,Mixed_feelings
SA_Ta_368,Negative
SA_Ta_369,Positive
SA_Ta_370,Positive
SA_Ta_371,Positive
SA_Ta_372,Negative
SA_Ta_373,Positive
SA_Ta_374,Positive
SA_Ta_375,Negative
SA_Ta_376,unknown_state
SA_Ta_377,Positive
SA_Ta_378,Positive
SA_Ta_379,unknown_state
SA_Ta_380,Negative
SA_Ta_381,Positive
SA_Ta_382,Mixed_feelings
SA_Ta_383,unknown_state
SA_Ta_384,Positive
SA_Ta_385,Mixed_feelings
SA_Ta_386,Mixed_feelings
SA_Ta_387,Positive
SA_Ta_388,unknown_state
SA_Ta_389,unknown_state
SA_Ta_390,Positive
SA_Ta_391,Positive
SA_Ta_392,Negative
SA_Ta_393,Mixed_feelings
SA_Ta_394,unknown_state
SA_Ta_395,Mixed_feelings
SA_Ta_396,unknown_state
SA_Ta_397,unknown_state
SA_Ta_398,Negative
SA_Ta_399,unknown_state
SA_Ta_400,Positive
SA_Ta_401,Positive
SA_Ta_402,Negative
SA_Ta_403,Positive
SA_Ta_404,Mixed_feelings
SA_Ta_405,Negative
SA_Ta_406,Positive
SA_Ta_407,Mixed_feelings
SA_Ta_408,Mixed_feelings
SA_Ta_409,unknown_state
SA_Ta_410,Positive
SA_Ta_411,Positive
SA_Ta_412,unknown_state
SA_Ta_413,Positive
SA_Ta_414,unknown_state
SA_Ta_415,unknown_state
SA_Ta_416,unknown_state
SA_Ta_417,Mixed_feelings
SA_Ta_418,Positive
SA_Ta_419,Positive
SA_Ta_420,Positive
SA_Ta_421,Negative
SA_Ta_422,Negative
SA_Ta_423,Positive
SA_Ta_424,Mixed_feelings
SA_Ta_425,unknown_state
SA_Ta_426,Positive
SA_Ta_427,Positive
SA_Ta_428,Negative
SA_Ta_429,Negative
SA_Ta_430,unknown_state
SA_Ta_431,Negative
SA_Ta_432,Mixed_feelings
SA_Ta_433,Positive
SA_Ta_434,Negative
SA_Ta_435,unknown_state
SA_Ta_436,Positive
SA_Ta_437,Negative
SA_Ta_438,unknown_state
SA_Ta_439,Negative
SA_Ta_440,Mixed_feelings
SA_Ta_441,Positive
SA_Ta_442,Positive
SA_Ta_443,Mixed_feelings
SA_Ta_444,unknown_state
SA_Ta_445,unknown_state
SA_Ta_446,Mixed_feelings
SA_Ta_447,Mixed_feelings
SA_Ta_448,Positive
SA_Ta_449,Positive
SA_Ta_450,Negative
SA_Ta_451,Negative
SA_Ta_452,Positive
SA_Ta_453,Mixed_feelings
SA_Ta_454,Positive
SA_Ta_455,Negative
SA_Ta_456,Mixed_feelings
SA_Ta_457,Positive
SA_Ta_458,Positive
SA_Ta_459,Positive
SA_Ta_460,Positive
SA_Ta_461,unknown_state
SA_Ta_462,Mixed_feelings
SA_Ta_463,Mixed_feelings
SA_Ta_464,Mixed_feelings
SA_Ta_465,unknown_state
SA_Ta_466,Negative
SA_Ta_467,unknown_state
SA_Ta_468,Positive
SA_Ta_469,unknown_state
SA_Ta_470,unknown_state
SA_Ta_471,Positive
SA_Ta_472,Positive
SA_Ta_473,unknown_state
SA_Ta_474,Positive
SA_Ta_475,unknown_state
SA_Ta_476,unknown_state
SA_Ta_477,unknown_state
SA_Ta_478,Positive
SA_Ta_479,Negative
SA_Ta_480,Mixed_feelings
SA_Ta_481,Mixed_feelings
SA_Ta_482,Mixed_feelings
SA_Ta_483,Positive
SA_Ta_484,Positive
SA_Ta_485,unknown_state
SA_Ta_486,Positive
SA_Ta_487,Positive
SA_Ta_488,Positive
SA_Ta_489,Mixed_feelings
SA_Ta_490,Negative
SA_Ta_491,Negative
SA_Ta_492,Mixed_feelings
SA_Ta_493,Positive
SA_Ta_494,unknown_state
SA_Ta_495,Positive
SA_Ta_496,Positive
SA_Ta_497,unknown_state
SA_Ta_498,unknown_state
SA_Ta_499,Positive
SA_Ta_500,unknown_state
SA_Ta_501,Negative
SA_Ta_502,unknown_state
SA_Ta_503,Positive
SA_Ta_504,Mixed_feelings
SA_Ta_505,Negative
SA_Ta_506,Positive
SA_Ta_507,Negative
SA_Ta_508,Mixed_feelings
SA_Ta_509,Positive
SA_Ta_510,Negative
SA_Ta_511,unknown_state
SA_Ta_512,unknown_state
SA_Ta_513,Mixed_feelings
SA_Ta_514,Negative
SA_Ta_515,Mixed_feelings
SA_Ta_516,Mixed_feelings
SA_Ta_517,Negative
SA_Ta_518,Positive
SA_Ta_519,Mixed_feelings
SA_Ta_520,unknown_state
SA_Ta_521,Positive
SA_Ta_522,unknown_state
SA_Ta_523,Negative
SA_Ta_524,Positive
SA_Ta_525,Negative
SA_Ta_526,Mixed_feelings
SA_Ta_527,Positive
SA_Ta_528,unknown_state
SA_Ta_529,Positive
SA_Ta_530,unknown_state
SA_Ta_531,Positive
SA_Ta_532,Negative
SA_Ta_533,Negative
SA_Ta_534,Mixed_feelings
SA_Ta_535,Mixed_feelings
SA_Ta_536,Positive
SA_Ta_537,Negative
SA_Ta_538,Positive
SA_Ta_539,Negative
SA_Ta_540,Positive
SA_Ta_541,Positive
SA_Ta_542,Negative
SA_Ta_543,Mixed_feelings
SA_Ta_544,Mixed_feelings
SA_Ta_545,Mixed_feelings
SA_Ta_546,Positive
SA_Ta_547,Positive
SA_Ta_548,Positive
SA_Ta_549,Negative
SA_Ta_550,Negative
SA_Ta_551,Positive
SA_Ta_552,Positive
SA_Ta_553,unknown_state
SA_Ta_554,Mixed_feelings
SA_Ta_555,Positive
SA_Ta_556,Negative
SA_Ta_557,Positive
SA_Ta_558,Mixed_feelings
SA_Ta_559,Positive
SA_Ta_560,unknown_state
SA_Ta_561,Positive
SA_Ta_562,Positive
SA_Ta_563,Mixed_feelings
SA_Ta_564,Positive
SA_Ta_565,Positive
SA_Ta_566,Mixed_feelings
SA_Ta_567,Positive
SA_Ta_568,Mixed_feelings
SA_Ta_569,Positive
SA_Ta_570,Negative
SA_Ta_571,Positive
SA_Ta_572,Positive
SA_Ta_573,Positive
SA_Ta_574,Negative
SA_Ta_575,Positive
SA_Ta_576,Mixed_feelings
SA_Ta_577,Positive
SA_Ta_578,Positive
SA_Ta_579,Positive
SA_Ta_580,unknown_state
SA_Ta_581,Mixed_feelings
SA_Ta_582,unknown_state
SA_Ta_583,Positive
SA_Ta_584,Positive
SA_Ta_585,unknown_state
SA_Ta_586,Positive
SA_Ta_587,unknown_state
SA_Ta_588,Positive
SA_Ta_589,Positive
SA_Ta_590,Negative
SA_Ta_591,unknown_state
SA_Ta_592,Negative
SA_Ta_593,Negative
SA_Ta_594,Negative
SA_Ta_595,Negative
SA_Ta_596,Mixed_feelings
SA_Ta_597,Negative
SA_Ta_598,Positive
SA_Ta_599,Positive
SA_Ta_600,unknown_state
SA_Ta_601,Positive
SA_Ta_602,Negative
SA_Ta_603,Mixed_feelings
SA_Ta_604,Mixed_feelings
SA_Ta_605,Mixed_feelings
SA_Ta_606,Mixed_feelings
SA_Ta_607,Positive
SA_Ta_608,Mixed_feelings
SA_Ta_609,Negative
SA_Ta_610,Mixed_feelings
SA_Ta_611,Positive
SA_Ta_612,Positive
SA_Ta_613,Negative
SA_Ta_614,Mixed_feelings
SA_Ta_615,Positive
SA_Ta_616,Mixed_feelings
SA_Ta_617,unknown_state
SA_Ta_618,Positive
SA_Ta_619,unknown_state
SA_Ta_620,Positive
SA_Ta_621,Negative
SA_Ta_622,Mixed_feelings
SA_Ta_623,Positive
SA_Ta_624,unknown_state
SA_Ta_625,Positive
SA_Ta_626,unknown_state
SA_Ta_627,Positive
SA_Ta_628,Mixed_feelings
SA_Ta_629,unknown_state
SA_Ta_630,Negative
SA_Ta_631,unknown_state
SA_Ta_632,Negative
SA_Ta_633,Negative
SA_Ta_634,Mixed_feelings
SA_Ta_635,Positive
SA_Ta_636,Positive
SA_Ta_637,Positive
SA_Ta_638,Mixed_feelings
SA_Ta_639,Positive
SA_Ta_640,Positive
SA_Ta_641,Positive
SA_Ta_642,unknown_state
SA_Ta_643,Positive
SA_Ta_644,Positive
SA_Ta_645,Positive
SA_Ta_646,unknown_state
SA_Ta_647,Positive
SA_Ta_648,unknown_state
SA_Ta_649,Positive
SA_Ta_650,Negative
SA_Ta_651,Mixed_feelings
SA_Ta_652,Mixed_feelings
SA_Ta_653,unknown_state
SA_Ta_654,unknown_state
SA_Ta_655,Mixed_feelings
SA_Ta_656,Negative
SA_Ta_657,unknown_state
SA_Ta_658,Positive
SA_Ta_659,unknown_state
SA_Ta_660,Mixed_feelings
SA_Ta_661,unknown_state
SA_Ta_662,Mixed_feelings
SA_Ta_663,Positive
SA_Ta_664,Negative
SA_Ta_665,unknown_state
SA_Ta_666,Positive
SA_Ta_667,unknown_state
SA_Ta_668,Positive
SA_Ta_669,Positive
SA_Ta_670,Mixed_feelings
SA_Ta_671,Positive
SA_Ta_672,Positive
SA_Ta_673,Negative
SA_Ta_674,Mixed_feelings
SA_Ta_675,Mixed_feelings
SA_Ta_676,Negative
SA_Ta_677,Positive
SA_Ta_678,Positive
SA_Ta_679,Mixed_feelings
SA_Ta_680,Positive
SA_Ta_681,Positive
SA_Ta_682,Negative
SA_Ta_683,Positive
SA_Ta_684,Positive
SA_Ta_685,Positive
SA_Ta_686,Positive
SA_Ta_687,Positive
SA_Ta_688,Negative
SA_Ta_689,Negative
SA_Ta_690,Negative
SA_Ta_691,Positive
SA_Ta_692,Positive
SA_Ta_693,Positive
SA_Ta_694,Positive
SA_Ta_695,Positive
SA_Ta_696,unknown_state
SA_Ta_697,unknown_state
SA_Ta_698,Positive
SA_Ta_699,Negative
SA_Ta_700,Positive
SA_Ta_701,Positive
SA_Ta_702,Mixed_feelings
SA_Ta_703,Positive
SA_Ta_704,Positive
SA_Ta_705,unknown_state
SA_Ta_706,Negative
SA_Ta_707,Positive
SA_Ta_708,Negative
SA_Ta_709,unknown_state
SA_Ta_710,Negative
SA_Ta_711,Mixed_feelings
SA_Ta_712,Positive
SA_Ta_713,Negative
SA_Ta_714,Mixed_feelings
SA_Ta_715,unknown_state
SA_Ta_716,Positive
SA_Ta_717,unknown_state
SA_Ta_718,Mixed_feelings
SA_Ta_719,unknown_state
SA_Ta_720,Negative
SA_Ta_721,unknown_state
SA_Ta_722,Positive
SA_Ta_723,unknown_state
SA_Ta_724,Positive
SA_Ta_725,Positive
SA_Ta_726,Mixed_feelings
SA_Ta_727,Positive
SA_Ta_728,Negative
SA_Ta_729,Positive
SA_Ta_730,Mixed_feelings
SA_Ta_731,Positive
SA_Ta_732,Negative
SA_Ta_733,Negative
SA_Ta_734,Mixed_feelings
SA_Ta_735,Negative
SA_Ta_736,Positive
SA_Ta_737,Positive
SA_Ta_738,Positive
SA_Ta_739,Negative
SA_Ta_740,Positive
SA_Ta_741,Negative
SA_Ta_742,Mixed_feelings
SA_Ta_743,unknown_state
SA_Ta_744,Positive
SA_Ta_745,Negative
SA_Ta_746,unknown_state
SA_Ta_747,unknown_state
SA_Ta_748,unknown_state
SA_Ta_749,Mixed_feelings
SA_Ta_750,Mixed_feelings
SA_Ta_751,Positive
SA_Ta_752,Mixed_feelings
SA_Ta_753,Negative
SA_Ta_754,unknown_state
SA_Ta_755,unknown_state
SA_Ta_756,Mixed_feelings
SA_Ta_757,Positive
SA_Ta_758,Mixed_feelings
SA_Ta_759,Negative
SA_Ta_760,Negative
SA_Ta_761,Positive
SA_Ta_762,Positive
SA_Ta_763,Negative
SA_Ta_764,Positive
SA_Ta_765,Positive
SA_Ta_766,Positive
SA_Ta_767,Positive
SA_Ta_768,Positive
SA_Ta_769,Positive
SA_Ta_770,Mixed_feelings
SA_Ta_771,Positive
SA_Ta_772,unknown_state
SA_Ta_773,unknown_state
SA_Ta_774,Positive
SA_Ta_775,Mixed_feelings
SA_Ta_776,unknown_state
SA_Ta_777,Positive
SA_Ta_778,unknown_state
SA_Ta_779,Positive
SA_Ta_780,Mixed_feelings
SA_Ta_781,Negative
SA_Ta_782,Positive
SA_Ta_783,Mixed_feelings
SA_Ta_784,Positive
SA_Ta_785,unknown_state
SA_Ta_786,Negative
SA_Ta_787,Mixed_feelings
SA_Ta_788,Positive
SA_Ta_789,Positive
SA_Ta_790,Positive
SA_Ta_791,Mixed_feelings
SA_Ta_792,Mixed_feelings
SA_Ta_793,Positive
SA_Ta_794,unknown_state
SA_Ta_795,Positive
SA_Ta_796,Negative
SA_Ta_797,unknown_state
SA_Ta_798,Mixed_feelings
SA_Ta_799,Positive
SA_Ta_800,Positive
SA_Ta_801,Mixed_feelings
SA_Ta_802,Negative
SA_Ta_803,unknown_state
SA_Ta_804,Negative
SA_Ta_805,Mixed_feelings
SA_Ta_806,Positive
SA_Ta_807,Mixed_feelings
SA_Ta_808,unknown_state
SA_Ta_809,Positive
SA_Ta_810,Negative
SA_Ta_811,Positive
SA_Ta_812,Mixed_feelings
SA_Ta_813,unknown_state
SA_Ta_814,Positive
SA_Ta_815,Negative
SA_Ta_816,Mixed_feelings
SA_Ta_817,Positive
SA_Ta_818,Positive
SA_Ta_819,Negative
SA_Ta_820,Positive
SA_Ta_821,Positive
SA_Ta_822,Positive
SA_Ta_823,Mixed_feelings
SA_Ta_824,Negative
SA_Ta_825,Negative
SA_Ta_826,Mixed_feelings
SA_Ta_827,Mixed_feelings
SA_Ta_828,Positive
SA_Ta_829,Mixed_feelings
SA_Ta_830,unknown_state
SA_Ta_831,Mixed_feelings
SA_Ta_832,Mixed_feelings
SA_Ta_833,Negative
SA_Ta_834,Negative
SA_Ta_835,Positive
SA_Ta_836,Positive
SA_Ta_837,Mixed_feelings
SA_Ta_838,Positive
SA_Ta_839,unknown_state
SA_Ta_840,Negative
SA_Ta_841,Negative
SA_Ta_842,Positive
SA_Ta_843,Positive
SA_Ta_844,Positive
SA_Ta_845,unknown_state
SA_Ta_846,Positive
SA_Ta_847,unknown_state
SA_Ta_848,Positive
SA_Ta_849,Mixed_feelings
SA_Ta_850,unknown_state
SA_Ta_851,Negative
SA_Ta_852,Mixed_feelings
SA_Ta_853,unknown_state
SA_Ta_854,unknown_state
SA_Ta_855,Positive
SA_Ta_856,unknown_state
SA_Ta_857,Mixed_feelings
SA_Ta_858,unknown_state
SA_Ta_859,Positive
SA_Ta_860,Negative
SA_Ta_861,Mixed_feelings
SA_Ta_862,Positive
SA_Ta_863,Positive
SA_Ta_864,Positive
SA_Ta_865,unknown_state
SA_Ta_866,Mixed_feelings
SA_Ta_867,Mixed_feelings
SA_Ta_868,unknown_state
SA_Ta_869,unknown_state
SA_Ta_870,Positive
SA_Ta_871,Mixed_feelings
SA_Ta_872,Mixed_feelings
SA_Ta_873,Positive
SA_Ta_874,unknown_state
SA_Ta_875,Positive
SA_Ta_876,unknown_state
SA_Ta_877,Positive
SA_Ta_878,unknown_state
SA_Ta_879,unknown_state
SA_Ta_880,Negative
SA_Ta_881,Negative
SA_Ta_882,Positive
SA_Ta_883,unknown_state
SA_Ta_884,Positive
SA_Ta_885,unknown_state
SA_Ta_886,unknown_state
SA_Ta_887,Positive
SA_Ta_888,Negative
SA_Ta_889,Positive
SA_Ta_890,Negative
SA_Ta_891,Positive
SA_Ta_892,Positive
SA_Ta_893,Positive
SA_Ta_894,Negative
SA_Ta_895,Positive
SA_Ta_896,Negative
SA_Ta_897,Positive
SA_Ta_898,Negative
SA_Ta_899,Mixed_feelings
SA_Ta_900,Positive
SA_Ta_901,unknown_state
SA_Ta_902,Positive
SA_Ta_903,unknown_state
SA_Ta_904,Positive
SA_Ta_905,unknown_state
SA_Ta_906,Positive
SA_Ta_907,Mixed_feelings
SA_Ta_908,Mixed_feelings
SA_Ta_909,Negative
SA_Ta_910,Positive
SA_Ta_911,Mixed_feelings
SA_Ta_912,Mixed_feelings
SA_Ta_913,unknown_state
SA_Ta_914,unknown_state
SA_Ta_915,Positive
SA_Ta_916,Mixed_feelings
SA_Ta_917,Negative
SA_Ta_918,Positive
SA_Ta_919,unknown_state
SA_Ta_920,Negative
SA_Ta_921,Mixed_feelings
SA_Ta_922,unknown_state
SA_Ta_923,Mixed_feelings
SA_Ta_924,Negative
SA_Ta_925,Positive
SA_Ta_926,Negative
SA_Ta_927,Negative
SA_Ta_928,Positive
SA_Ta_929,Mixed_feelings
SA_Ta_930,Positive
SA_Ta_931,Positive
SA_Ta_932,Mixed_feelings
SA_Ta_933,Mixed_feelings
SA_Ta_934,Positive
SA_Ta_935,Mixed_feelings
SA_Ta_936,unknown_state
SA_Ta_937,Negative
SA_Ta_938,Negative
SA_Ta_939,Positive
SA_Ta_940,Positive
SA_Ta_941,unknown_state
SA_Ta_942,Mixed_feelings
SA_Ta_943,unknown_state
SA_Ta_944,Negative
SA_Ta_945,Mixed_feelings
SA_Ta_946,Positive
SA_Ta_947,Mixed_feelings
SA_Ta_948,Mixed_feelings
SA_Ta_949,unknown_state
SA_Ta_950,Positive
SA_Ta_951,Positive
SA_Ta_952,Positive
SA_Ta_953,Positive
SA_Ta_954,Mixed_feelings
SA_Ta_955,Positive
SA_Ta_956,unknown_state
SA_Ta_957,Positive
SA_Ta_958,Mixed_feelings
SA_Ta_959,unknown_state
SA_Ta_960,Negative
SA_Ta_961,Positive
SA_Ta_962,Negative
SA_Ta_963,Mixed_feelings
SA_Ta_964,Positive
SA_Ta_965,Mixed_feelings
SA_Ta_966,Positive
SA_Ta_967,Positive
SA_Ta_968,Positive
SA_Ta_969,Negative
SA_Ta_970,Positive
SA_Ta_971,Negative
SA_Ta_972,Mixed_feelings
SA_Ta_973,Positive
SA_Ta_974,Mixed_feelings
SA_Ta_975,Positive
SA_Ta_976,unknown_state
SA_Ta_977,unknown_state
SA_Ta_978,Positive
SA_Ta_979,unknown_state
SA_Ta_980,Mixed_feelings
SA_Ta_981,unknown_state
SA_Ta_982,Negative
SA_Ta_983,Mixed_feelings
SA_Ta_984,Mixed_feelings
SA_Ta_985,unknown_state
SA_Ta_986,unknown_state
SA_Ta_987,Mixed_feelings
SA_Ta_988,unknown_state
SA_Ta_989,unknown_state
SA_Ta_990,Positive
SA_Ta_991,Positive
SA_Ta_992,unknown_state
SA_Ta_993,Mixed_feelings
SA_Ta_994,Positive
SA_Ta_995,unknown_state
SA_Ta_996,Mixed_feelings
SA_Ta_997,Mixed_feelings
SA_Ta_998,Positive
SA_Ta_999,Positive
SA_Ta_1000,Positive
SA_Ta_1001,Mixed_feelings
SA_Ta_1002,Positive
SA_Ta_1003,Mixed_feelings
SA_Ta_1004,Positive
SA_Ta_1005,Mixed_feelings
SA_Ta_1006,Mixed_feelings
SA_Ta_1007,Mixed_feelings
SA_Ta_1008,Positive
SA_Ta_1009,Negative
SA_Ta_1010,Mixed_feelings
SA_Ta_1011,Positive
SA_Ta_1012,Mixed_feelings
SA_Ta_1013,Negative
SA_Ta_1014,Positive
SA_Ta_1015,Positive
SA_Ta_1016,Positive
SA_Ta_1017,Positive
SA_Ta_1018,Positive
SA_Ta_1019,Negative
SA_Ta_1020,unknown_state
SA_Ta_1021,unknown_state
SA_Ta_1022,Negative
SA_Ta_1023,Mixed_feelings
SA_Ta_1024,Positive
SA_Ta_1025,Positive
SA_Ta_1026,Negative
SA_Ta_1027,Positive
SA_Ta_1028,Positive
SA_Ta_1029,Negative
SA_Ta_1030,Negative
SA_Ta_1031,Positive
SA_Ta_1032,Negative
SA_Ta_1033,Positive
SA_Ta_1034,Positive
SA_Ta_1035,unknown_state
SA_Ta_1036,Mixed_feelings
SA_Ta_1037,Negative
SA_Ta_1038,Positive
SA_Ta_1039,Positive
SA_Ta_1040,Positive
SA_Ta_1041,Positive
SA_Ta_1042,Negative
SA_Ta_1043,Mixed_feelings
SA_Ta_1044,Negative
SA_Ta_1045,unknown_state
SA_Ta_1046,Positive
SA_Ta_1047,Negative
SA_Ta_1048,Mixed_feelings
SA_Ta_1049,unknown_state
SA_Ta_1050,Positive
SA_Ta_1051,Negative
SA_Ta_1052,Positive
SA_Ta_1053,Positive
SA_Ta_1054,Positive
SA_Ta_1055,Mixed_feelings
SA_Ta_1056,Positive
SA_Ta_1057,Negative
SA_Ta_1058,Positive
SA_Ta_1059,Positive
SA_Ta_1060,Positive
SA_Ta_1061,Mixed_feelings
SA_Ta_1062,Negative
SA_Ta_1063,unknown_state
SA_Ta_1064,Positive
SA_Ta_1065,Positive
SA_Ta_1066,unknown_state
SA_Ta_1067,Mixed_feelings
SA_Ta_1068,Positive
SA_Ta_1069,unknown_state
SA_Ta_1070,Negative
SA_Ta_1071,Mixed_feelings
SA_Ta_1072,Mixed_feelings
SA_Ta_1073,Positive
SA_Ta_1074,unknown_state
SA_Ta_1075,Negative
SA_Ta_1076,Positive
SA_Ta_1077,unknown_state
SA_Ta_1078,Positive
SA_Ta_1079,unknown_state
SA_Ta_1080,Positive
SA_Ta_1081,Negative
SA_Ta_1082,Positive
SA_Ta_1083,Positive
SA_Ta_1084,unknown_state
SA_Ta_1085,Positive
SA_Ta_1086,Mixed_feelings
SA_Ta_1087,Mixed_feelings
SA_Ta_1088,Positive
SA_Ta_1089,Positive
SA_Ta_1090,Mixed_feelings
SA_Ta_1091,unknown_state
SA_Ta_1092,Positive
SA_Ta_1093,unknown_state
SA_Ta_1094,Positive
SA_Ta_1095,Negative
SA_Ta_1096,unknown_state
SA_Ta_1097,Positive
SA_Ta_1098,Mixed_feelings
SA_Ta_1099,Positive
SA_Ta_1100,Mixed_feelings
SA_Ta_1101,Positive
SA_Ta_1102,Mixed_feelings
SA_Ta_1103,Mixed_feelings
SA_Ta_1104,Negative
SA_Ta_1105,Positive
SA_Ta_1106,Positive
SA_Ta_1107,Negative
SA_Ta_1108,Positive
SA_Ta_1109,Mixed_feelings
SA_Ta_1110,Positive
SA_Ta_1111,Mixed_feelings
SA_Ta_1112,Mixed_feelings
SA_Ta_1113,Negative
SA_Ta_1114,Positive
SA_Ta_1115,unknown_state
SA_Ta_1116,Mixed_feelings
SA_Ta_1117,Mixed_feelings
SA_Ta_1118,Negative
SA_Ta_1119,Positive
SA_Ta_1120,Positive
SA_Ta_1121,Mixed_feelings
SA_Ta_1122,unknown_state
SA_Ta_1123,Positive
SA_Ta_1124,Mixed_feelings
SA_Ta_1125,Negative
SA_Ta_1126,Mixed_feelings
SA_Ta_1127,Positive
SA_Ta_1128,Mixed_feelings
SA_Ta_1129,unknown_state
SA_Ta_1130,Mixed_feelings
SA_Ta_1131,unknown_state
SA_Ta_1132,unknown_state
SA_Ta_1133,unknown_state
SA_Ta_1134,Negative
SA_Ta_1135,Positive
SA_Ta_1136,Positive
SA_Ta_1137,unknown_state
SA_Ta_1138,Mixed_feelings
SA_Ta_1139,Negative
SA_Ta_1140,Negative
SA_Ta_1141,unknown_state
SA_Ta_1142,Positive
SA_Ta_1143,Positive
SA_Ta_1144,unknown_state
SA_Ta_1145,unknown_state
SA_Ta_1146,Positive
SA_Ta_1147,Positive
SA_Ta_1148,Mixed_feelings
SA_Ta_1149,Positive
SA_Ta_1150,Mixed_feelings
SA_Ta_1151,Positive
SA_Ta_1152,unknown_state
SA_Ta_1153,Negative
SA_Ta_1154,Positive
SA_Ta_1155,Mixed_feelings
SA_Ta_1156,unknown_state
SA_Ta_1157,Negative
SA_Ta_1158,Negative
SA_Ta_1159,Negative
SA_Ta_1160,unknown_state
SA_Ta_1161,Positive
SA_Ta_1162,Negative
SA_Ta_1163,Positive
SA_Ta_1164,Positive
SA_Ta_1165,Negative
SA_Ta_1166,Mixed_feelings
SA_Ta_1167,Negative
SA_Ta_1168,Negative
SA_Ta_1169,Positive
SA_Ta_1170,Positive
SA_Ta_1171,unknown_state
SA_Ta_1172,Negative
SA_Ta_1173,Mixed_feelings
SA_Ta_1174,Negative
SA_Ta_1175,Positive
SA_Ta_1176,Positive
SA_Ta_1177,Mixed_feelings
SA_Ta_1178,Positive
SA_Ta_1179,Positive
SA_Ta_1180,unknown_state
SA_Ta_1181,unknown_state
SA_Ta_1182,Positive
SA_Ta_1183,Negative
SA_Ta_1184,Mixed_feelings
SA_Ta_1185,Positive
SA_Ta_1186,Mixed_feelings
SA_Ta_1187,Positive
SA_Ta_1188,Positive
SA_Ta_1189,Positive
SA_Ta_1190,Positive
SA_Ta_1191,unknown_state
SA_Ta_1192,Positive
SA_Ta_1193,Positive
SA_Ta_1194,Mixed_feelings
SA_Ta_1195,Positive
SA_Ta_1196,Negative
SA_Ta_1197,Negative
SA_Ta_1198,Mixed_feelings
SA_Ta_1199,unknown_state
SA_Ta_1200,Positive
SA_Ta_1201,Mixed_feelings
SA_Ta_1202,Positive
SA_Ta_1203,Positive
SA_Ta_1204,unknown_state
SA_Ta_1205,Positive
SA_Ta_1206,Negative
SA_Ta_1207,unknown_state
SA_Ta_1208,Mixed_feelings
SA_Ta_1209,unknown_state
SA_Ta_1210,Positive
SA_Ta_1211,Negative
SA_Ta_1212,Negative
SA_Ta_1213,Positive
SA_Ta_1214,Negative
SA_Ta_1215,unknown_state
SA_Ta_1216,Negative
SA_Ta_1217,Positive
SA_Ta_1218,Mixed_feelings
SA_Ta_1219,Negative
SA_Ta_1220,unknown_state
SA_Ta_1221,Positive
SA_Ta_1222,Positive
SA_Ta_1223,Positive
SA_Ta_1224,Mixed_feelings
SA_Ta_1225,Mixed_feelings
SA_Ta_1226,Positive
SA_Ta_1227,Positive
SA_Ta_1228,Positive
SA_Ta_1229,unknown_state
SA_Ta_1230,Positive
SA_Ta_1231,unknown_state
SA_Ta_1232,Positive
SA_Ta_1233,Positive
SA_Ta_1234,Mixed_feelings
SA_Ta_1235,Negative
SA_Ta_1236,Positive
SA_Ta_1237,Negative
SA_Ta_1238,unknown_state
SA_Ta_1239,Positive
SA_Ta_1240,Positive
SA_Ta_1241,Positive
SA_Ta_1242,Negative
SA_Ta_1243,Mixed_feelings
SA_Ta_1244,unknown_state
SA_Ta_1245,Positive
SA_Ta_1246,Negative
SA_Ta_1247,Positive
SA_Ta_1248,Positive
SA_Ta_1249,Positive
SA_Ta_1250,Positive
SA_Ta_1251,Mixed_feelings
SA_Ta_1252,Positive
SA_Ta_1253,unknown_state
SA_Ta_1254,unknown_state
SA_Ta_1255,unknown_state
SA_Ta_1256,Positive
SA_Ta_1257,Mixed_feelings
SA_Ta_1258,Positive
SA_Ta_1259,Negative
SA_Ta_1260,Positive
SA_Ta_1261,Positive
SA_Ta_1262,Negative
SA_Ta_1263,Negative
SA_Ta_1264,Negative
SA_Ta_1265,Mixed_feelings
SA_Ta_1266,unknown_state
SA_Ta_1267,Positive
SA_Ta_1268,Positive
SA_Ta_1269,Negative
SA_Ta_1270,Positive
SA_Ta_1271,Positive
SA_Ta_1272,Positive
SA_Ta_1273,unknown_state
SA_Ta_1274,unknown_state
SA_Ta_1275,Mixed_feelings
SA_Ta_1276,Negative
SA_Ta_1277,Positive
SA_Ta_1278,Positive
SA_Ta_1279,Negative
SA_Ta_1280,Negative
SA_Ta_1281,Positive
SA_Ta_1282,Negative
SA_Ta_1283,Positive
SA_Ta_1284,Negative
SA_Ta_1285,Negative
SA_Ta_1286,Positive
SA_Ta_1287,Negative
SA_Ta_1288,unknown_state
SA_Ta_1289,Positive
SA_Ta_1290,Positive
SA_Ta_1291,Positive
SA_Ta_1292,Positive
SA_Ta_1293,Negative
SA_Ta_1294,Positive
SA_Ta_1295,Mixed_feelings
SA_Ta_1296,Positive
SA_Ta_1297,Negative
SA_Ta_1298,Mixed_feelings
SA_Ta_1299,Positive
SA_Ta_1300,Mixed_feelings
SA_Ta_1301,Positive
SA_Ta_1302,Positive
SA_Ta_1303,Positive
SA_Ta_1304,Positive
SA_Ta_1305,Positive
SA_Ta_1306,Positive
SA_Ta_1307,Mixed_feelings
SA_Ta_1308,unknown_state
SA_Ta_1309,Mixed_feelings
SA_Ta_1310,unknown_state
SA_Ta_1311,Negative
SA_Ta_1312,Negative
SA_Ta_1313,Mixed_feelings
SA_Ta_1314,Positive
SA_Ta_1315,unknown_state
SA_Ta_1316,unknown_state
SA_Ta_1317,unknown_state
SA_Ta_1318,unknown_state
SA_Ta_1319,unknown_state
SA_Ta_1320,unknown_state
SA_Ta_1321,unknown_state
SA_Ta_1322,Positive
SA_Ta_1323,Negative
SA_Ta_1324,Mixed_feelings
SA_Ta_1325,unknown_state
SA_Ta_1326,Positive
SA_Ta_1327,Positive
SA_Ta_1328,unknown_state
SA_Ta_1329,Positive
SA_Ta_1330,Positive
SA_Ta_1331,unknown_state
SA_Ta_1332,Negative
SA_Ta_1333,Positive
SA_Ta_1334,Mixed_feelings
SA_Ta_1335,unknown_state
SA_Ta_1336,Mixed_feelings
SA_Ta_1337,Negative
SA_Ta_1338,Negative
SA_Ta_1339,unknown_state
SA_Ta_1340,unknown_state
SA_Ta_1341,Positive
SA_Ta_1342,Positive
SA_Ta_1343,Negative
SA_Ta_1344,unknown_state
SA_Ta_1345,Positive
SA_Ta_1346,Mixed_feelings
SA_Ta_1347,Positive
SA_Ta_1348,Positive
SA_Ta_1349,Positive
SA_Ta_1350,Mixed_feelings
SA_Ta_1351,unknown_state
SA_Ta_1352,unknown_state
SA_Ta_1353,Positive
SA_Ta_1354,Negative
SA_Ta_1355,unknown_state
SA_Ta_1356,Mixed_feelings
SA_Ta_1357,unknown_state
SA_Ta_1358,Negative
SA_Ta_1359,Mixed_feelings
SA_Ta_1360,Positive
SA_Ta_1361,Positive
SA_Ta_1362,Mixed_feelings
SA_Ta_1363,Negative
SA_Ta_1364,Positive
SA_Ta_1365,Negative
SA_Ta_1366,Mixed_feelings
SA_Ta_1367,Positive
SA_Ta_1368,Negative
SA_Ta_1369,Negative
SA_Ta_1370,unknown_state
SA_Ta_1371,Positive
SA_Ta_1372,Negative
SA_Ta_1373,Positive
SA_Ta_1374,Positive
SA_Ta_1375,Negative
SA_Ta_1376,Negative
SA_Ta_1377,Negative
SA_Ta_1378,Positive
SA_Ta_1379,Negative
SA_Ta_1380,Mixed_feelings
SA_Ta_1381,Positive
SA_Ta_1382,Positive
SA_Ta_1383,Positive
SA_Ta_1384,Mixed_feelings
SA_Ta_1385,unknown_state
SA_Ta_1386,Mixed_feelings
SA_Ta_1387,Mixed_feelings
SA_Ta_1388,Mixed_feelings
SA_Ta_1389,unknown_state
SA_Ta_1390,Negative
SA_Ta_1391,unknown_state
SA_Ta_1392,Positive
SA_Ta_1393,Positive
SA_Ta_1394,Mixed_feelings
SA_Ta_1395,Positive
SA_Ta_1396,Positive
SA_Ta_1397,Mixed_feelings
SA_Ta_1398,unknown_state
SA_Ta_1399,Mixed_feelings
SA_Ta_1400,Negative
SA_Ta_1401,Negative
SA_Ta_1402,Mixed_feelings
SA_Ta_1403,unknown_state
SA_Ta_1404,Negative
SA_Ta_1405,Positive
SA_Ta_1406,Mixed_feelings
SA_Ta_1407,Positive
SA_Ta_1408,Positive
SA_Ta_1409,Positive
SA_Ta_1410,Positive
SA_Ta_1411,Positive
SA_Ta_1412,unknown_state
SA_Ta_1413,Positive
SA_Ta_1414,Positive
SA_Ta_1415,Negative
SA_Ta_1416,Positive
SA_Ta_1417,Positive
SA_Ta_1418,unknown_state
SA_Ta_1419,Negative
SA_Ta_1420,Positive
SA_Ta_1421,Mixed_feelings
SA_Ta_1422,Mixed_feelings
SA_Ta_1423,Negative
SA_Ta_1424,Negative
SA_Ta_1425,Positive
SA_Ta_1426,Positive
SA_Ta_1427,Positive
SA_Ta_1428,unknown_state
SA_Ta_1429,Positive
SA_Ta_1430,Positive
SA_Ta_1431,unknown_state
SA_Ta_1432,Mixed_feelings
SA_Ta_1433,Positive
SA_Ta_1434,Mixed_feelings
SA_Ta_1435,Positive
SA_Ta_1436,Mixed_feelings
SA_Ta_1437,Positive
SA_Ta_1438,Mixed_feelings
SA_Ta_1439,Negative
SA_Ta_1440,Positive
SA_Ta_1441,Positive
SA_Ta_1442,Mixed_feelings
SA_Ta_1443,Positive
SA_Ta_1444,Positive
SA_Ta_1445,Positive
SA_Ta_1446,Mixed_feelings
SA_Ta_1447,Positive
SA_Ta_1448,unknown_state
SA_Ta_1449,Negative
SA_Ta_1450,Positive
SA_Ta_1451,Positive
SA_Ta_1452,Positive
SA_Ta_1453,Positive
SA_Ta_1454,Mixed_feelings
SA_Ta_1455,Negative
SA_Ta_1456,Positive
SA_Ta_1457,unknown_state
SA_Ta_1458,unknown_state
SA_Ta_1459,Positive
SA_Ta_1460,unknown_state
SA_Ta_1461,Positive
SA_Ta_1462,unknown_state
SA_Ta_1463,unknown_state
SA_Ta_1464,unknown_state
SA_Ta_1465,unknown_state
SA_Ta_1466,Mixed_feelings
SA_Ta_1467,unknown_state
SA_Ta_1468,Mixed_feelings
SA_Ta_1469,Negative
SA_Ta_1470,Positive
SA_Ta_1471,Positive
SA_Ta_1472,Positive
SA_Ta_1473,Positive
SA_Ta_1474,Mixed_feelings
SA_Ta_1475,Negative
SA_Ta_1476,unknown_state
SA_Ta_1477,Negative
SA_Ta_1478,Mixed_feelings
SA_Ta_1479,Mixed_feelings
SA_Ta_1480,Positive
SA_Ta_1481,unknown_state
SA_Ta_1482,Mixed_feelings
SA_Ta_1483,unknown_state
SA_Ta_1484,Negative
SA_Ta_1485,unknown_state
SA_Ta_1486,Mixed_feelings
SA_Ta_1487,Negative
SA_Ta_1488,Mixed_feelings
SA_Ta_1489,Positive
SA_Ta_1490,Positive
SA_Ta_1491,Negative
SA_Ta_1492,Negative
SA_Ta_1493,Mixed_feelings
SA_Ta_1494,Positive
SA_Ta_1495,Positive
SA_Ta_1496,Positive
SA_Ta_1497,Mixed_feelings
SA_Ta_1498,Positive
SA_Ta_1499,Mixed_feelings
SA_Ta_1500,unknown_state
SA_Ta_1501,Positive
SA_Ta_1502,Positive
SA_Ta_1503,unknown_state
SA_Ta_1504,Positive
SA_Ta_1505,Negative
SA_Ta_1506,Positive
SA_Ta_1507,Mixed_feelings
SA_Ta_1508,Positive
SA_Ta_1509,unknown_state
SA_Ta_1510,Negative
SA_Ta_1511,Mixed_feelings
SA_Ta_1512,Positive
SA_Ta_1513,Positive
SA_Ta_1514,Positive
SA_Ta_1515,Positive
SA_Ta_1516,Positive
SA_Ta_1517,Positive
SA_Ta_1518,Positive
SA_Ta_1519,Negative
SA_Ta_1520,Negative
SA_Ta_1521,Mixed_feelings
SA_Ta_1522,Positive
SA_Ta_1523,Negative
SA_Ta_1524,Positive
SA_Ta_1525,Positive
SA_Ta_1526,unknown_state
SA_Ta_1527,Positive
SA_Ta_1528,unknown_state
SA_Ta_1529,unknown_state
SA_Ta_1530,Positive
SA_Ta_1531,Negative
SA_Ta_1532,Positive
SA_Ta_1533,Positive
SA_Ta_1534,unknown_state
SA_Ta_1535,Positive
SA_Ta_1536,Positive
SA_Ta_1537,Mixed_feelings
SA_Ta_1538,Positive
SA_Ta_1539,Mixed_feelings
SA_Ta_1540,Positive
SA_Ta_1541,Positive
SA_Ta_1542,Mixed_feelings
SA_Ta_1543,Mixed_feelings
SA_Ta_1544,Negative
SA_Ta_1545,Mixed_feelings
SA_Ta_1546,Mixed_feelings
SA_Ta_1547,Negative
SA_Ta_1548,unknown_state
SA_Ta_1549,Positive
SA_Ta_1550,Mixed_feelings
SA_Ta_1551,Negative
SA_Ta_1552,Mixed_feelings
SA_Ta_1553,Mixed_feelings
SA_Ta_1554,Positive
SA_Ta_1555,unknown_state
SA_Ta_1556,Positive
SA_Ta_1557,Mixed_feelings
SA_Ta_1558,Positive
SA_Ta_1559,unknown_state
SA_Ta_1560,Mixed_feelings
SA_Ta_1561,Positive
SA_Ta_1562,Negative
SA_Ta_1563,Mixed_feelings
SA_Ta_1564,Positive
SA_Ta_1565,Positive
SA_Ta_1566,Mixed_feelings
SA_Ta_1567,unknown_state
SA_Ta_1568,Negative
SA_Ta_1569,Positive
SA_Ta_1570,unknown_state
SA_Ta_1571,Positive
SA_Ta_1572,Negative
SA_Ta_1573,Positive
SA_Ta_1574,Positive
SA_Ta_1575,Negative
SA_Ta_1576,unknown_state
SA_Ta_1577,Mixed_feelings
SA_Ta_1578,Negative
SA_Ta_1579,Positive
SA_Ta_1580,Positive
SA_Ta_1581,Negative
SA_Ta_1582,Negative
SA_Ta_1583,Mixed_feelings
SA_Ta_1584,Mixed_feelings
SA_Ta_1585,Negative
SA_Ta_1586,Positive
SA_Ta_1587,Positive
SA_Ta_1588,Positive
SA_Ta_1589,Positive
SA_Ta_1590,Negative
SA_Ta_1591,Negative
SA_Ta_1592,Positive
SA_Ta_1593,Mixed_feelings
SA_Ta_1594,unknown_state
SA_Ta_1595,Mixed_feelings
SA_Ta_1596,Mixed_feelings
SA_Ta_1597,Mixed_feelings
SA_Ta_1598,Positive
SA_Ta_1599,Mixed_feelings
SA_Ta_1600,Negative
SA_Ta_1601,Mixed_feelings
SA_Ta_1602,Positive
SA_Ta_1603,Positive
SA_Ta_1604,Negative
SA_Ta_1605,Negative
SA_Ta_1606,Negative
SA_Ta_1607,Mixed_feelings
SA_Ta_1608,unknown_state
SA_Ta_1609,unknown_state
SA_Ta_1610,Positive
SA_Ta_1611,unknown_state
SA_Ta_1612,Positive
SA_Ta_1613,unknown_state
SA_Ta_1614,Positive
SA_Ta_1615,Mixed_feelings
SA_Ta_1616,unknown_state
SA_Ta_1617,Positive
SA_Ta_1618,unknown_state
SA_Ta_1619,Positive
SA_Ta_1620,Positive
SA_Ta_1621,Mixed_feelings
SA_Ta_1622,Negative
SA_Ta_1623,Positive
SA_Ta_1624,Negative
SA_Ta_1625,unknown_state
SA_Ta_1626,Mixed_feelings
SA_Ta_1627,Mixed_feelings
SA_Ta_1628,Negative
SA_Ta_1629,unknown_state
SA_Ta_1630,Negative
SA_Ta_1631,Negative
SA_Ta_1632,Positive
SA_Ta_1633,Positive
SA_Ta_1634,unknown_state
SA_Ta_1635,unknown_state
SA_Ta_1636,Positive
SA_Ta_1637,unknown_state
SA_Ta_1638,Positive
SA_Ta_1639,unknown_state
SA_Ta_1640,Mixed_feelings
SA_Ta_1641,Negative
SA_Ta_1642,Positive
SA_Ta_1643,Mixed_feelings
SA_Ta_1644,unknown_state
SA_Ta_1645,unknown_state
SA_Ta_1646,unknown_state
SA_Ta_1647,Positive
SA_Ta_1648,Positive
SA_Ta_1649,unknown_state
SA_Ta_1650,unknown_state
SA_Ta_1651,Positive
SA_Ta_1652,Negative
SA_Ta_1653,Mixed_feelings
SA_Ta_1654,Mixed_feelings
SA_Ta_1655,Mixed_feelings
SA_Ta_1656,Positive
SA_Ta_1657,Positive
SA_Ta_1658,unknown_state
SA_Ta_1659,unknown_state
SA_Ta_1660,unknown_state
SA_Ta_1661,unknown_state
SA_Ta_1662,Negative
SA_Ta_1663,Negative
SA_Ta_1664,Mixed_feelings
SA_Ta_1665,Negative
SA_Ta_1666,unknown_state
SA_Ta_1667,Positive
SA_Ta_1668,Positive
SA_Ta_1669,Negative
SA_Ta_1670,Mixed_feelings
SA_Ta_1671,Mixed_feelings
SA_Ta_1672,Positive
SA_Ta_1673,Positive
SA_Ta_1674,unknown_state
SA_Ta_1675,Negative
SA_Ta_1676,Positive
SA_Ta_1677,Mixed_feelings
SA_Ta_1678,Negative
SA_Ta_1679,Positive
SA_Ta_1680,Negative
SA_Ta_1681,unknown_state
SA_Ta_1682,Positive
SA_Ta_1683,Positive
SA_Ta_1684,Positive
SA_Ta_1685,Mixed_feelings
SA_Ta_1686,Positive
SA_Ta_1687,Positive
SA_Ta_1688,Positive
SA_Ta_1689,Mixed_feelings
SA_Ta_1690,Negative
SA_Ta_1691,Negative
SA_Ta_1692,unknown_state
SA_Ta_1693,Mixed_feelings
SA_Ta_1694,Positive
SA_Ta_1695,Mixed_feelings
SA_Ta_1696,unknown_state
SA_Ta_1697,Positive
SA_Ta_1698,Positive
SA_Ta_1699,unknown_state
SA_Ta_1700,unknown_state
SA_Ta_1701,Mixed_feelings
SA_Ta_1702,Negative
SA_Ta_1703,Negative
SA_Ta_1704,Mixed_feelings
SA_Ta_1705,Positive
SA_Ta_1706,Mixed_feelings
SA_Ta_1707,Negative
SA_Ta_1708,Negative
SA_Ta_1709,Positive
SA_Ta_1710,Positive
SA_Ta_1711,Negative
SA_Ta_1712,Negative
SA_Ta_1713,Positive
SA_Ta_1714,Positive
SA_Ta_1715,Positive
SA_Ta_1716,Negative
SA_Ta_1717,Mixed_feelings
SA_Ta_1718,unknown_state
SA_Ta_1719,Mixed_feelings
SA_Ta_1720,Positive
SA_Ta_1721,Negative
SA_Ta_1722,Negative
SA_Ta_1723,Mixed_feelings
SA_Ta_1724,Positive
SA_Ta_1725,Positive
SA_Ta_1726,Positive
SA_Ta_1727,Mixed_feelings
SA_Ta_1728,unknown_state
SA_Ta_1729,Positive
SA_Ta_1730,unknown_state
SA_Ta_1731,Positive
SA_Ta_1732,Positive
SA_Ta_1733,unknown_state
SA_Ta_1734,Positive
SA_Ta_1735,Mixed_feelings
SA_Ta_1736,Mixed_feelings
SA_Ta_1737,Negative
SA_Ta_1738,unknown_state
SA_Ta_1739,Positive
SA_Ta_1740,Negative
SA_Ta_1741,Negative
SA_Ta_1742,Positive
SA_Ta_1743,Positive
SA_Ta_1744,unknown_state
SA_Ta_1745,Positive
SA_Ta_1746,unknown_state
SA_Ta_1747,unknown_state
SA_Ta_1748,Positive
SA_Ta_1749,Negative
SA_Ta_1750,Positive
SA_Ta_1751,Negative
SA_Ta_1752,Mixed_feelings
SA_Ta_1753,Negative
SA_Ta_1754,Mixed_feelings
SA_Ta_1755,Positive
SA_Ta_1756,unknown_state
SA_Ta_1757,Mixed_feelings
SA_Ta_1758,unknown_state
SA_Ta_1759,unknown_state
SA_Ta_1760,Negative
SA_Ta_1761,Positive
SA_Ta_1762,Positive
SA_Ta_1763,unknown_state
SA_Ta_1764,Positive
SA_Ta_1765,unknown_state
SA_Ta_1766,Mixed_feelings
SA_Ta_1767,Positive
SA_Ta_1768,Negative
SA_Ta_1769,Positive
SA_Ta_1770,Positive
SA_Ta_1771,Mixed_feelings
SA_Ta_1772,unknown_state
SA_Ta_1773,Positive
SA_Ta_1774,Negative
SA_Ta_1775,Positive
SA_Ta_1776,unknown_state
SA_Ta_1777,Mixed_feelings
SA_Ta_1778,Positive
SA_Ta_1779,unknown_state
SA_Ta_1780,Positive
SA_Ta_1781,Negative
SA_Ta_1782,Mixed_feelings
SA_Ta_1783,Negative
SA_Ta_1784,Positive
SA_Ta_1785,unknown_state
SA_Ta_1786,Negative
SA_Ta_1787,Mixed_feelings
SA_Ta_1788,Mixed_feelings
SA_Ta_1789,unknown_state
SA_Ta_1790,Positive
SA_Ta_1791,unknown_state
SA_Ta_1792,Positive
SA_Ta_1793,Positive
SA_Ta_1794,Negative
SA_Ta_1795,unknown_state
SA_Ta_1796,Positive
SA_Ta_1797,Positive
SA_Ta_1798,Positive
SA_Ta_1799,Positive
SA_Ta_1800,Positive
SA_Ta_1801,Mixed_feelings
SA_Ta_1802,Mixed_feelings
SA_Ta_1803,unknown_state
SA_Ta_1804,Negative
SA_Ta_1805,unknown_state
SA_Ta_1806,Positive
SA_Ta_1807,Positive
SA_Ta_1808,Positive
SA_Ta_1809,Negative
SA_Ta_1810,Mixed_feelings
SA_Ta_1811,Mixed_feelings
SA_Ta_1812,unknown_state
SA_Ta_1813,Mixed_feelings
SA_Ta_1814,unknown_state
SA_Ta_1815,Positive
SA_Ta_1816,Positive
SA_Ta_1817,Positive
SA_Ta_1818,Mixed_feelings
SA_Ta_1819,unknown_state
SA_Ta_1820,unknown_state
SA_Ta_1821,Positive
SA_Ta_1822,Negative
SA_Ta_1823,unknown_state
SA_Ta_1824,Positive
SA_Ta_1825,unknown_state
SA_Ta_1826,Positive
SA_Ta_1827,Negative
SA_Ta_1828,unknown_state
SA_Ta_1829,Positive
SA_Ta_1830,Negative
SA_Ta_1831,Positive
SA_Ta_1832,Positive
SA_Ta_1833,Negative
SA_Ta_1834,unknown_state
SA_Ta_1835,Positive
SA_Ta_1836,unknown_state
SA_Ta_1837,Negative
SA_Ta_1838,Positive
SA_Ta_1839,Mixed_feelings
SA_Ta_1840,Positive
SA_Ta_1841,Negative
SA_Ta_1842,Positive
SA_Ta_1843,Positive
SA_Ta_1844,Positive
SA_Ta_1845,unknown_state
SA_Ta_1846,Positive
SA_Ta_1847,Positive
SA_Ta_1848,Mixed_feelings
SA_Ta_1849,Negative
SA_Ta_1850,unknown_state
SA_Ta_1851,unknown_state
SA_Ta_1852,Positive
SA_Ta_1853,Mixed_feelings
SA_Ta_1854,Mixed_feelings
SA_Ta_1855,Positive
SA_Ta_1856,Positive
SA_Ta_1857,Negative
SA_Ta_1858,Positive
SA_Ta_1859,Mixed_feelings
SA_Ta_1860,Positive
SA_Ta_1861,Negative
SA_Ta_1862,unknown_state
SA_Ta_1863,Positive
SA_Ta_1864,Negative
SA_Ta_1865,Mixed_feelings
SA_Ta_1866,Negative
SA_Ta_1867,Positive
SA_Ta_1868,Negative
SA_Ta_1869,Positive
SA_Ta_1870,Positive
SA_Ta_1871,unknown_state
SA_Ta_1872,unknown_state
SA_Ta_1873,Mixed_feelings
SA_Ta_1874,Negative
SA_Ta_1875,Negative
SA_Ta_1876,Positive
SA_Ta_1877,Mixed_feelings
SA_Ta_1878,Positive
SA_Ta_1879,Positive
SA_Ta_1880,Negative
SA_Ta_1881,unknown_state
SA_Ta_1882,unknown_state
SA_Ta_1883,Negative
SA_Ta_1884,Positive
SA_Ta_1885,Positive
SA_Ta_1886,Mixed_feelings
SA_Ta_1887,Positive
SA_Ta_1888,Mixed_feelings
SA_Ta_1889,Positive
SA_Ta_1890,unknown_state
SA_Ta_1891,Positive
SA_Ta_1892,Mixed_feelings
SA_Ta_1893,Positive
SA_Ta_1894,Mixed_feelings
SA_Ta_1895,Mixed_feelings
SA_Ta_1896,Mixed_feelings
SA_Ta_1897,Negative
SA_Ta_1898,Positive
SA_Ta_1899,unknown_state
SA_Ta_1900,unknown_state
SA_Ta_1901,Positive
SA_Ta_1902,Negative
SA_Ta_1903,unknown_state
SA_Ta_1904,Positive
SA_Ta_1905,unknown_state
SA_Ta_1906,Positive
SA_Ta_1907,unknown_state
SA_Ta_1908,unknown_state
SA_Ta_1909,unknown_state
SA_Ta_1910,Negative
SA_Ta_1911,unknown_state
SA_Ta_1912,unknown_state
SA_Ta_1913,Mixed_feelings
SA_Ta_1914,unknown_state
SA_Ta_1915,Negative
SA_Ta_1916,Positive
SA_Ta_1917,Positive
SA_Ta_1918,unknown_state
SA_Ta_1919,unknown_state
SA_Ta_1920,Mixed_feelings
SA_Ta_1921,unknown_state
SA_Ta_1922,Negative
SA_Ta_1923,Mixed_feelings
SA_Ta_1924,Mixed_feelings
SA_Ta_1925,Mixed_feelings
SA_Ta_1926,unknown_state
SA_Ta_1927,Positive
SA_Ta_1928,Negative
SA_Ta_1929,Positive
SA_Ta_1930,unknown_state
SA_Ta_1931,Positive
SA_Ta_1932,Mixed_feelings
SA_Ta_1933,Mixed_feelings
SA_Ta_1934,unknown_state
SA_Ta_1935,Positive
SA_Ta_1936,Negative
SA_Ta_1937,Positive
SA_Ta_1938,Mixed_feelings
SA_Ta_1939,Positive
SA_Ta_1940,Positive
SA_Ta_1941,Mixed_feelings
SA_Ta_1942,unknown_state
SA_Ta_1943,Mixed_feelings
SA_Ta_1944,Positive
SA_Ta_1945,Positive
SA_Ta_1946,Positive
SA_Ta_1947,Positive
SA_Ta_1948,Mixed_feelings
SA_Ta_1949,unknown_state
SA_Ta_1950,unknown_state
SA_Ta_1951,Positive
SA_Ta_1952,Positive
SA_Ta_1953,Positive
SA_Ta_1954,Positive
SA_Ta_1955,unknown_state
SA_Ta_1956,Mixed_feelings
SA_Ta_1957,unknown_state
SA_Ta_1958,unknown_state
SA_Ta_1959,unknown_state
SA_Ta_1960,Mixed_feelings
SA_Ta_1961,unknown_state
SA_Ta_1962,Positive
SA_Ta_1963,Negative
SA_Ta_1964,Positive
SA_Ta_1965,Mixed_feelings
SA_Ta_1966,Positive
SA_Ta_1967,Positive
SA_Ta_1968,unknown_state
SA_Ta_1969,unknown_state
SA_Ta_1970,Positive
SA_Ta_1971,unknown_state
SA_Ta_1972,unknown_state
SA_Ta_1973,Mixed_feelings
SA_Ta_1974,Positive
SA_Ta_1975,Mixed_feelings
SA_Ta_1976,unknown_state
SA_Ta_1977,unknown_state
SA_Ta_1978,Positive
SA_Ta_1979,Positive
SA_Ta_1980,unknown_state
SA_Ta_1981,unknown_state
SA_Ta_1982,Negative
SA_Ta_1983,Negative
SA_Ta_1984,unknown_state
SA_Ta_1985,Negative
SA_Ta_1986,Positive
SA_Ta_1987,unknown_state
SA_Ta_1988,Positive
SA_Ta_1989,Mixed_feelings
SA_Ta_1990,Mixed_feelings
SA_Ta_1991,unknown_state
SA_Ta_1992,unknown_state
SA_Ta_1993,Mixed_feelings
SA_Ta_1994,Positive
SA_Ta_1995,Positive
SA_Ta_1996,Positive
SA_Ta_1997,unknown_state
SA_Ta_1998,Mixed_feelings
SA_Ta_1999,Positive
SA_Ta_2000,unknown_state
SA_Ta_2001,unknown_state
SA_Ta_2002,Positive
SA_Ta_2003,Positive
SA_Ta_2004,Negative
SA_Ta_2005,unknown_state
SA_Ta_2006,Mixed_feelings
SA_Ta_2007,Mixed_feelings
SA_Ta_2008,unknown_state
SA_Ta_2009,Negative
SA_Ta_2010,Positive
SA_Ta_2011,unknown_state
SA_Ta_2012,Negative
SA_Ta_2013,Mixed_feelings
SA_Ta_2014,Positive
SA_Ta_2015,Positive
SA_Ta_2016,unknown_state
SA_Ta_2017,Positive
SA_Ta_2018,Positive
SA_Ta_2019,Positive
SA_Ta_2020,Positive
SA_Ta_2021,unknown_state
SA_Ta_2022,Positive
SA_Ta_2023,unknown_state
SA_Ta_2024,unknown_state
SA_Ta_2025,Negative
SA_Ta_2026,Positive
SA_Ta_2027,Positive
SA_Ta_2028,Positive
SA_Ta_2029,Positive
SA_Ta_2030,unknown_state
SA_Ta_2031,Positive
SA_Ta_2032,Positive
SA_Ta_2033,unknown_state
SA_Ta_2034,Positive
SA_Ta_2035,Positive
SA_Ta_2036,unknown_state
SA_Ta_2037,Mixed_feelings
SA_Ta_2038,Positive
SA_Ta_2039,unknown_state
SA_Ta_2040,unknown_state
SA_Ta_2041,Negative
SA_Ta_2042,Positive
SA_Ta_2043,Positive
SA_Ta_2044,Negative
SA_Ta_2045,Positive
SA_Ta_2046,Positive
SA_Ta_2047,unknown_state
SA_Ta_2048,Negative
SA_Ta_2049,Mixed_feelings
SA_Ta_2050,Positive
SA_Ta_2051,Mixed_feelings
SA_Ta_2052,Mixed_feelings
SA_Ta_2053,Positive
SA_Ta_2054,unknown_state
SA_Ta_2055,Mixed_feelings
SA_Ta_2056,Positive
SA_Ta_2057,Positive
SA_Ta_2058,Mixed_feelings
SA_Ta_2059,Mixed_feelings
SA_Ta_2060,Positive
SA_Ta_2061,Positive
SA_Ta_2062,Negative
SA_Ta_2063,Negative
SA_Ta_2064,unknown_state
SA_Ta_2065,Mixed_feelings
SA_Ta_2066,unknown_state
SA_Ta_2067,Positive
SA_Ta_2068,unknown_state
SA_Ta_2069,Positive
SA_Ta_2070,unknown_state
SA_Ta_2071,Positive
SA_Ta_2072,unknown_state
SA_Ta_2073,Negative
SA_Ta_2074,Mixed_feelings
SA_Ta_2075,Negative
SA_Ta_2076,Positive
SA_Ta_2077,Positive
SA_Ta_2078,unknown_state
SA_Ta_2079,unknown_state
SA_Ta_2080,Mixed_feelings
SA_Ta_2081,Negative
SA_Ta_2082,Positive
SA_Ta_2083,unknown_state
SA_Ta_2084,unknown_state
SA_Ta_2085,Positive
SA_Ta_2086,Positive
SA_Ta_2087,Positive
SA_Ta_2088,Positive
SA_Ta_2089,Negative
SA_Ta_2090,Negative
SA_Ta_2091,Positive
SA_Ta_2092,Mixed_feelings
SA_Ta_2093,Positive
SA_Ta_2094,Mixed_feelings
SA_Ta_2095,Negative
SA_Ta_2096,Negative
SA_Ta_2097,Positive
SA_Ta_2098,Positive
SA_Ta_2099,Negative
SA_Ta_2100,Mixed_feelings
SA_Ta_2101,Positive
SA_Ta_2102,Negative
SA_Ta_2103,Negative
SA_Ta_2104,unknown_state
SA_Ta_2105,unknown_state
SA_Ta_2106,Positive
SA_Ta_2107,unknown_state
SA_Ta_2108,Positive
SA_Ta_2109,Negative
SA_Ta_2110,Negative
SA_Ta_2111,Positive
SA_Ta_2112,unknown_state
SA_Ta_2113,Negative
SA_Ta_2114,Negative
SA_Ta_2115,Positive
SA_Ta_2116,unknown_state
SA_Ta_2117,Positive
SA_Ta_2118,Negative
SA_Ta_2119,Negative
SA_Ta_2120,Positive
SA_Ta_2121,Negative
SA_Ta_2122,unknown_state
SA_Ta_2123,unknown_state
SA_Ta_2124,Positive
SA_Ta_2125,Positive
SA_Ta_2126,Mixed_feelings
SA_Ta_2127,unknown_state
SA_Ta_2128,unknown_state
SA_Ta_2129,Mixed_feelings
SA_Ta_2130,Mixed_feelings
SA_Ta_2131,Positive
SA_Ta_2132,Mixed_feelings
SA_Ta_2133,Positive
SA_Ta_2134,Positive
SA_Ta_2135,Negative
SA_Ta_2136,Mixed_feelings
SA_Ta_2137,Mixed_feelings
SA_Ta_2138,unknown_state
SA_Ta_2139,Positive
SA_Ta_2140,unknown_state
SA_Ta_2141,Negative
SA_Ta_2142,Positive
SA_Ta_2143,Positive
SA_Ta_2144,Positive
SA_Ta_2145,Positive
SA_Ta_2146,Positive
SA_Ta_2147,Positive
SA_Ta_2148,Negative
SA_Ta_2149,unknown_state
SA_Ta_2150,Positive
SA_Ta_2151,Mixed_feelings
SA_Ta_2152,unknown_state
SA_Ta_2153,Mixed_feelings
SA_Ta_2154,Mixed_feelings
SA_Ta_2155,Positive
SA_Ta_2156,Positive
SA_Ta_2157,Negative
SA_Ta_2158,Positive
SA_Ta_2159,Mixed_feelings
SA_Ta_2160,Negative
SA_Ta_2161,Mixed_feelings
SA_Ta_2162,Mixed_feelings
SA_Ta_2163,Mixed_feelings
SA_Ta_2164,Mixed_feelings
SA_Ta_2165,Positive
SA_Ta_2166,unknown_state
SA_Ta_2167,unknown_state
SA_Ta_2168,Positive
SA_Ta_2169,Negative
SA_Ta_2170,Positive
SA_Ta_2171,Positive
SA_Ta_2172,Negative
SA_Ta_2173,Positive
SA_Ta_2174,Positive
SA_Ta_2175,unknown_state
SA_Ta_2176,Negative
SA_Ta_2177,Positive
SA_Ta_2178,Negative
SA_Ta_2179,Positive
SA_Ta_2180,Positive
SA_Ta_2181,unknown_state
SA_Ta_2182,Positive
SA_Ta_2183,Positive
SA_Ta_2184,Negative
SA_Ta_2185,unknown_state
SA_Ta_2186,Negative
SA_Ta_2187,Negative
SA_Ta_2188,Mixed_feelings
SA_Ta_2189,Mixed_feelings
SA_Ta_2190,Positive
SA_Ta_2191,Positive
SA_Ta_2192,unknown_state
SA_Ta_2193,unknown_state
SA_Ta_2194,Positive
SA_Ta_2195,unknown_state
SA_Ta_2196,unknown_state
SA_Ta_2197,Positive
SA_Ta_2198,Positive
SA_Ta_2199,Negative
SA_Ta_2200,unknown_state
SA_Ta_2201,Negative
SA_Ta_2202,Mixed_feelings
SA_Ta_2203,Positive
SA_Ta_2204,Positive
SA_Ta_2205,Positive
SA_Ta_2206,Positive
SA_Ta_2207,Negative
SA_Ta_2208,Positive
SA_Ta_2209,Positive
SA_Ta_2210,Positive
SA_Ta_2211,Positive
SA_Ta_2212,Positive
SA_Ta_2213,Negative
SA_Ta_2214,Positive
SA_Ta_2215,Mixed_feelings
SA_Ta_2216,unknown_state
SA_Ta_2217,unknown_state
SA_Ta_2218,Negative
SA_Ta_2219,Negative
SA_Ta_2220,Positive
SA_Ta_2221,unknown_state
SA_Ta_2222,Positive
SA_Ta_2223,Mixed_feelings
SA_Ta_2224,unknown_state
SA_Ta_2225,Positive
SA_Ta_2226,unknown_state
SA_Ta_2227,unknown_state
SA_Ta_2228,Positive
SA_Ta_2229,Positive
SA_Ta_2230,unknown_state
SA_Ta_2231,Negative
SA_Ta_2232,Positive
SA_Ta_2233,Positive
SA_Ta_2234,unknown_state
SA_Ta_2235,Positive
SA_Ta_2236,Positive
SA_Ta_2237,Positive
SA_Ta_2238,Mixed_feelings
SA_Ta_2239,Mixed_feelings
SA_Ta_2240,Negative
SA_Ta_2241,Positive
SA_Ta_2242,unknown_state
SA_Ta_2243,unknown_state
SA_Ta_2244,Mixed_feelings
SA_Ta_2245,unknown_state
SA_Ta_2246,Negative
SA_Ta_2247,Positive
SA_Ta_2248,unknown_state
SA_Ta_2249,Negative
SA_Ta_2250,unknown_state
SA_Ta_2251,Mixed_feelings
SA_Ta_2252,Mixed_feelings
SA_Ta_2253,unknown_state
SA_Ta_2254,Positive
SA_Ta_2255,Positive
SA_Ta_2256,unknown_state
SA_Ta_2257,unknown_state
SA_Ta_2258,Mixed_feelings
SA_Ta_2259,unknown_state
SA_Ta_2260,Positive
SA_Ta_2261,unknown_state
SA_Ta_2262,Negative
SA_Ta_2263,Negative
SA_Ta_2264,Positive
SA_Ta_2265,Mixed_feelings
SA_Ta_2266,unknown_state
SA_Ta_2267,unknown_state
SA_Ta_2268,Positive
SA_Ta_2269,Negative
SA_Ta_2270,Mixed_feelings
SA_Ta_2271,Negative
SA_Ta_2272,Negative
SA_Ta_2273,Mixed_feelings
SA_Ta_2274,unknown_state
SA_Ta_2275,Mixed_feelings
SA_Ta_2276,Mixed_feelings
SA_Ta_2277,unknown_state
SA_Ta_2278,Mixed_feelings
SA_Ta_2279,unknown_state
SA_Ta_2280,Positive
SA_Ta_2281,Positive
SA_Ta_2282,Positive
SA_Ta_2283,Positive
SA_Ta_2284,Positive
SA_Ta_2285,Positive
SA_Ta_2286,Mixed_feelings
SA_Ta_2287,Positive
SA_Ta_2288,Positive
SA_Ta_2289,Positive
SA_Ta_2290,Positive
SA_Ta_2291,Positive
SA_Ta_2292,Positive
SA_Ta_2293,Positive
SA_Ta_2294,Positive
SA_Ta_2295,unknown_state
SA_Ta_2296,unknown_state
SA_Ta_2297,unknown_state
SA_Ta_2298,Positive
SA_Ta_2299,Positive
SA_Ta_2300,Positive
SA_Ta_2301,Negative
SA_Ta_2302,Positive
SA_Ta_2303,Positive
SA_Ta_2304,unknown_state
SA_Ta_2305,Negative
SA_Ta_2306,Positive
SA_Ta_2307,Positive
SA_Ta_2308,Positive
SA_Ta_2309,unknown_state
SA_Ta_2310,Positive
SA_Ta_2311,Mixed_feelings
SA_Ta_2312,Positive
SA_Ta_2313,Mixed_feelings
SA_Ta_2314,unknown_state
SA_Ta_2315,Mixed_feelings
SA_Ta_2316,Positive
SA_Ta_2317,Positive
SA_Ta_2318,Positive
SA_Ta_2319,unknown_state
SA_Ta_2320,Positive
SA_Ta_2321,Negative
SA_Ta_2322,Positive
SA_Ta_2323,Positive
SA_Ta_2324,Positive
SA_Ta_2325,Positive
SA_Ta_2326,Mixed_feelings
SA_Ta_2327,unknown_state
SA_Ta_2328,Mixed_feelings
SA_Ta_2329,Positive
SA_Ta_2330,Negative
SA_Ta_2331,Positive
SA_Ta_2332,Negative
SA_Ta_2333,Mixed_feelings
SA_Ta_2334,Positive
SA_Ta_2335,Negative
SA_Ta_2336,Mixed_feelings
SA_Ta_2337,unknown_state
SA_Ta_2338,Positive
SA_Ta_2339,Negative
SA_Ta_2340,unknown_state
SA_Ta_2341,Mixed_feelings
SA_Ta_2342,Positive
SA_Ta_2343,unknown_state
SA_Ta_2344,Mixed_feelings
SA_Ta_2345,unknown_state
SA_Ta_2346,Negative
SA_Ta_2347,unknown_state
SA_Ta_2348,Positive
SA_Ta_2349,Positive
SA_Ta_2350,Mixed_feelings
SA_Ta_2351,Mixed_feelings
SA_Ta_2352,Mixed_feelings
SA_Ta_2353,Negative
SA_Ta_2354,unknown_state
SA_Ta_2355,Negative
SA_Ta_2356,Negative
SA_Ta_2357,Mixed_feelings
SA_Ta_2358,Mixed_feelings
SA_Ta_2359,Negative
SA_Ta_2360,Positive
SA_Ta_2361,Negative
SA_Ta_2362,Mixed_feelings
SA_Ta_2363,Positive
SA_Ta_2364,Positive
SA_Ta_2365,Negative
SA_Ta_2366,Positive
SA_Ta_2367,Negative
SA_Ta_2368,Mixed_feelings
SA_Ta_2369,Positive
SA_Ta_2370,unknown_state
SA_Ta_2371,unknown_state
SA_Ta_2372,Positive
SA_Ta_2373,Negative
SA_Ta_2374,Positive
SA_Ta_2375,Mixed_feelings
SA_Ta_2376,Mixed_feelings
SA_Ta_2377,Mixed_feelings
SA_Ta_2378,Positive
SA_Ta_2379,Positive
SA_Ta_2380,Negative
SA_Ta_2381,Negative
SA_Ta_2382,unknown_state
SA_Ta_2383,unknown_state
SA_Ta_2384,Mixed_feelings
SA_Ta_2385,Negative
SA_Ta_2386,Negative
SA_Ta_2387,Mixed_feelings
SA_Ta_2388,Positive
SA_Ta_2389,Positive
SA_Ta_2390,Positive
SA_Ta_2391,Positive
SA_Ta_2392,Positive
SA_Ta_2393,Positive
SA_Ta_2394,Positive
SA_Ta_2395,Positive
SA_Ta_2396,Mixed_feelings
SA_Ta_2397,unknown_state
SA_Ta_2398,Positive
SA_Ta_2399,Negative
SA_Ta_2400,Positive
SA_Ta_2401,Negative
SA_Ta_2402,Mixed_feelings
SA_Ta_2403,Mixed_feelings
SA_Ta_2404,Mixed_feelings
SA_Ta_2405,unknown_state
SA_Ta_2406,Positive
SA_Ta_2407,Positive
SA_Ta_2408,Mixed_feelings
SA_Ta_2409,Positive
SA_Ta_2410,Negative
SA_Ta_2411,Mixed_feelings
SA_Ta_2412,Mixed_feelings
SA_Ta_2413,unknown_state
SA_Ta_2414,unknown_state
SA_Ta_2415,Negative
SA_Ta_2416,Negative
SA_Ta_2417,Positive
SA_Ta_2418,unknown_state
SA_Ta_2419,unknown_state
SA_Ta_2420,Negative
SA_Ta_2421,Positive
SA_Ta_2422,Negative
SA_Ta_2423,Positive
SA_Ta_2424,Negative
SA_Ta_2425,unknown_state
SA_Ta_2426,Negative
SA_Ta_2427,Positive
SA_Ta_2428,unknown_state
SA_Ta_2429,Mixed_feelings
SA_Ta_2430,Positive
SA_Ta_2431,Positive
SA_Ta_2432,Negative
SA_Ta_2433,Positive
SA_Ta_2434,Positive
SA_Ta_2435,Negative
SA_Ta_2436,Positive
SA_Ta_2437,Positive
SA_Ta_2438,Positive
SA_Ta_2439,Positive
SA_Ta_2440,unknown_state
SA_Ta_2441,Mixed_feelings
SA_Ta_2442,Mixed_feelings
SA_Ta_2443,Negative
SA_Ta_2444,unknown_state
SA_Ta_2445,unknown_state
SA_Ta_2446,Mixed_feelings
SA_Ta_2447,Positive
SA_Ta_2448,Positive
SA_Ta_2449,Negative
SA_Ta_2450,Mixed_feelings
SA_Ta_2451,Negative
SA_Ta_2452,Mixed_feelings
SA_Ta_2453,unknown_state
SA_Ta_2454,Positive
SA_Ta_2455,unknown_state
SA_Ta_2456,Positive
SA_Ta_2457,Negative
SA_Ta_2458,Positive
SA_Ta_2459,Negative
SA_Ta_2460,Mixed_feelings
SA_Ta_2461,unknown_state
SA_Ta_2462,Positive
SA_Ta_2463,unknown_state
SA_Ta_2464,unknown_state
SA_Ta_2465,Positive
SA_Ta_2466,Positive
SA_Ta_2467,Positive
SA_Ta_2468,Negative
SA_Ta_2469,Positive
SA_Ta_2470,Positive
SA_Ta_2471,Positive
SA_Ta_2472,Positive
SA_Ta_2473,Negative
SA_Ta_2474,Mixed_feelings
SA_Ta_2475,Positive
SA_Ta_2476,Positive
SA_Ta_2477,Positive
SA_Ta_2478,Positive
SA_Ta_2479,unknown_state
SA_Ta_2480,Positive
SA_Ta_2481,Negative
SA_Ta_2482,Positive
SA_Ta_2483,Positive
SA_Ta_2484,unknown_state
SA_Ta_2485,Positive
SA_Ta_2486,Positive
SA_Ta_2487,unknown_state
SA_Ta_2488,Positive
SA_Ta_2489,unknown_state
SA_Ta_2490,unknown_state
SA_Ta_2491,Positive
SA_Ta_2492,Negative
SA_Ta_2493,Mixed_feelings
SA_Ta_2494,Positive
SA_Ta_2495,Mixed_feelings
SA_Ta_2496,Positive
SA_Ta_2497,unknown_state
SA_Ta_2498,unknown_state
SA_Ta_2499,Positive
SA_Ta_2500,Positive
SA_Ta_2501,Positive
SA_Ta_2502,Positive
SA_Ta_2503,Negative
SA_Ta_2504,Mixed_feelings
SA_Ta_2505,Mixed_feelings
SA_Ta_2506,Negative
SA_Ta_2507,Positive
SA_Ta_2508,Negative
SA_Ta_2509,Positive
SA_Ta_2510,Positive
SA_Ta_2511,Positive
SA_Ta_2512,Mixed_feelings
SA_Ta_2513,unknown_state
SA_Ta_2514,Mixed_feelings
SA_Ta_2515,Negative
SA_Ta_2516,Positive
SA_Ta_2517,Mixed_feelings
SA_Ta_2518,unknown_state
SA_Ta_2519,Positive
SA_Ta_2520,Mixed_feelings
SA_Ta_2521,unknown_state
SA_Ta_2522,Negative
SA_Ta_2523,Negative
SA_Ta_2524,Positive
SA_Ta_2525,Positive
SA_Ta_2526,Positive
SA_Ta_2527,Negative
SA_Ta_2528,Mixed_feelings
SA_Ta_2529,Mixed_feelings
SA_Ta_2530,unknown_state
SA_Ta_2531,unknown_state
SA_Ta_2532,unknown_state
SA_Ta_2533,Positive
SA_Ta_2534,Mixed_feelings
SA_Ta_2535,unknown_state
SA_Ta_2536,Positive
SA_Ta_2537,Positive
SA_Ta_2538,Mixed_feelings
SA_Ta_2539,Mixed_feelings
SA_Ta_2540,unknown_state
SA_Ta_2541,Positive
SA_Ta_2542,Mixed_feelings
SA_Ta_2543,Negative
SA_Ta_2544,Negative
SA_Ta_2545,Positive
SA_Ta_2546,Positive
SA_Ta_2547,Negative
SA_Ta_2548,Positive
SA_Ta_2549,Mixed_feelings
SA_Ta_2550,Positive
SA_Ta_2551,Positive
SA_Ta_2552,Positive
SA_Ta_2553,Negative
SA_Ta_2554,Mixed_feelings
SA_Ta_2555,Positive
SA_Ta_2556,Positive
SA_Ta_2557,Positive
SA_Ta_2558,Positive
SA_Ta_2559,Negative
SA_Ta_2560,Positive
SA_Ta_2561,Positive
SA_Ta_2562,Positive
SA_Ta_2563,Mixed_feelings
SA_Ta_2564,unknown_state
SA_Ta_2565,Mixed_feelings
SA_Ta_2566,Negative
SA_Ta_2567,Mixed_feelings
SA_Ta_2568,Mixed_feelings
SA_Ta_2569,Negative
SA_Ta_2570,Positive
SA_Ta_2571,unknown_state
SA_Ta_2572,unknown_state
SA_Ta_2573,Negative
SA_Ta_2574,Negative
SA_Ta_2575,unknown_state
SA_Ta_2576,Positive
SA_Ta_2577,Positive
SA_Ta_2578,Mixed_feelings
SA_Ta_2579,Mixed_feelings
SA_Ta_2580,Positive
SA_Ta_2581,Negative
SA_Ta_2582,Positive
SA_Ta_2583,unknown_state
SA_Ta_2584,Positive
SA_Ta_2585,Positive
SA_Ta_2586,Positive
SA_Ta_2587,Negative
SA_Ta_2588,Mixed_feelings
SA_Ta_2589,Positive
SA_Ta_2590,unknown_state
SA_Ta_2591,unknown_state
SA_Ta_2592,Negative
SA_Ta_2593,Negative
SA_Ta_2594,Positive
SA_Ta_2595,Mixed_feelings
SA_Ta_2596,Mixed_feelings
SA_Ta_2597,Positive
SA_Ta_2598,Negative
SA_Ta_2599,Negative
SA_Ta_2600,Negative
SA_Ta_2601,Positive
SA_Ta_2602,Positive
SA_Ta_2603,unknown_state
SA_Ta_2604,unknown_state
SA_Ta_2605,Positive
SA_Ta_2606,Negative
SA_Ta_2607,unknown_state
SA_Ta_2608,Negative
SA_Ta_2609,unknown_state
SA_Ta_2610,Mixed_feelings
SA_Ta_2611,unknown_state
SA_Ta_2612,Positive
SA_Ta_2613,Positive
SA_Ta_2614,Positive
SA_Ta_2615,Positive
SA_Ta_2616,Positive
SA_Ta_2617,Positive
SA_Ta_2618,Positive
SA_Ta_2619,Negative
SA_Ta_2620,Positive
SA_Ta_2621,Positive
SA_Ta_2622,Mixed_feelings
SA_Ta_2623,Positive
SA_Ta_2624,Positive
SA_Ta_2625,Negative
SA_Ta_2626,Mixed_feelings
SA_Ta_2627,Positive
SA_Ta_2628,Positive
SA_Ta_2629,unknown_state
SA_Ta_2630,Negative
SA_Ta_2631,unknown_state
SA_Ta_2632,Positive
SA_Ta_2633,Positive
SA_Ta_2634,Positive
SA_Ta_2635,unknown_state
SA_Ta_2636,Positive
SA_Ta_2637,Mixed_feelings
SA_Ta_2638,unknown_state
SA_Ta_2639,Negative
SA_Ta_2640,Mixed_feelings
SA_Ta_2641,unknown_state
SA_Ta_2642,unknown_state
SA_Ta_2643,unknown_state
SA_Ta_2644,Positive
SA_Ta_2645,unknown_state
SA_Ta_2646,Mixed_feelings
SA_Ta_2647,Positive
SA_Ta_2648,Positive
SA_Ta_2649,unknown_state
SA_Ta_2650,Mixed_feelings
SA_Ta_2651,Positive
SA_Ta_2652,Mixed_feelings
SA_Ta_2653,Positive
SA_Ta_2654,Positive
SA_Ta_2655,Positive
SA_Ta_2656,unknown_state
SA_Ta_2657,Negative
SA_Ta_2658,Positive
SA_Ta_2659,Positive
SA_Ta_2660,Positive
SA_Ta_2661,Positive
SA_Ta_2662,Positive
SA_Ta_2663,Positive
SA_Ta_2664,Mixed_feelings
SA_Ta_2665,Positive
SA_Ta_2666,Positive
SA_Ta_2667,Positive
SA_Ta_2668,Positive
SA_Ta_2669,Positive
SA_Ta_2670,Positive
SA_Ta_2671,Positive
SA_Ta_2672,Negative
SA_Ta_2673,Positive
SA_Ta_2674,unknown_state
SA_Ta_2675,Positive
SA_Ta_2676,Positive
SA_Ta_2677,Mixed_feelings
SA_Ta_2678,Positive
SA_Ta_2679,Positive
SA_Ta_2680,unknown_state
SA_Ta_2681,Positive
SA_Ta_2682,Positive
SA_Ta_2683,Positive
SA_Ta_2684,Positive
SA_Ta_2685,Negative
SA_Ta_2686,unknown_state
SA_Ta_2687,Mixed_feelings
SA_Ta_2688,Positive
SA_Ta_2689,Positive
SA_Ta_2690,unknown_state
SA_Ta_2691,Mixed_feelings
SA_Ta_2692,Positive
SA_Ta_2693,Negative
SA_Ta_2694,unknown_state
SA_Ta_2695,unknown_state
SA_Ta_2696,Negative
SA_Ta_2697,Negative
SA_Ta_2698,Positive
SA_Ta_2699,Mixed_feelings
SA_Ta_2700,Negative
SA_Ta_2701,unknown_state
SA_Ta_2702,Positive
SA_Ta_2703,Negative
SA_Ta_2704,Positive
SA_Ta_2705,Positive
SA_Ta_2706,Positive
SA_Ta_2707,Positive
SA_Ta_2708,Positive
SA_Ta_2709,Mixed_feelings
SA_Ta_2710,Positive
SA_Ta_2711,Negative
SA_Ta_2712,unknown_state
SA_Ta_2713,Positive
SA_Ta_2714,Positive
SA_Ta_2715,Positive
SA_Ta_2716,unknown_state
SA_Ta_2717,Negative
SA_Ta_2718,Positive
SA_Ta_2719,Positive
SA_Ta_2720,Positive
SA_Ta_2721,Mixed_feelings
SA_Ta_2722,Positive
SA_Ta_2723,unknown_state
SA_Ta_2724,Mixed_feelings
SA_Ta_2725,Positive
SA_Ta_2726,Mixed_feelings
SA_Ta_2727,Mixed_feelings
SA_Ta_2728,Positive
SA_Ta_2729,Mixed_feelings
SA_Ta_2730,Positive
SA_Ta_2731,Positive
SA_Ta_2732,Mixed_feelings
SA_Ta_2733,Positive
SA_Ta_2734,unknown_state
SA_Ta_2735,Positive
SA_Ta_2736,Mixed_feelings
SA_Ta_2737,Mixed_feelings
SA_Ta_2738,Positive
SA_Ta_2739,Positive
SA_Ta_2740,unknown_state
SA_Ta_2741,Mixed_feelings
SA_Ta_2742,Mixed_feelings
SA_Ta_2743,Mixed_feelings
SA_Ta_2744,Positive
SA_Ta_2745,Positive
SA_Ta_2746,Mixed_feelings
SA_Ta_2747,Positive
SA_Ta_2748,Mixed_feelings
SA_Ta_2749,Positive
SA_Ta_2750,Negative
SA_Ta_2751,Mixed_feelings
SA_Ta_2752,Positive
SA_Ta_2753,Negative
SA_Ta_2754,Positive
SA_Ta_2755,Mixed_feelings
SA_Ta_2756,Positive
SA_Ta_2757,Mixed_feelings
SA_Ta_2758,Negative
SA_Ta_2759,Negative
SA_Ta_2760,Mixed_feelings
SA_Ta_2761,Negative
SA_Ta_2762,Negative
SA_Ta_2763,Positive
SA_Ta_2764,Negative
SA_Ta_2765,unknown_state
SA_Ta_2766,Negative
SA_Ta_2767,Positive
SA_Ta_2768,Positive
SA_Ta_2769,Positive
SA_Ta_2770,unknown_state
SA_Ta_2771,Mixed_feelings
SA_Ta_2772,Negative
SA_Ta_2773,Mixed_feelings
SA_Ta_2774,Positive
SA_Ta_2775,Mixed_feelings
SA_Ta_2776,Negative
SA_Ta_2777,Positive
SA_Ta_2778,Positive
SA_Ta_2779,Mixed_feelings
SA_Ta_2780,Mixed_feelings
SA_Ta_2781,Negative
SA_Ta_2782,unknown_state
SA_Ta_2783,unknown_state
SA_Ta_2784,Negative
SA_Ta_2785,Positive
SA_Ta_2786,unknown_state
SA_Ta_2787,Positive
SA_Ta_2788,Positive
SA_Ta_2789,Mixed_feelings
SA_Ta_2790,Positive
SA_Ta_2791,Positive
SA_Ta_2792,Mixed_feelings
SA_Ta_2793,Mixed_feelings
SA_Ta_2794,Positive
SA_Ta_2795,unknown_state
SA_Ta_2796,Positive
SA_Ta_2797,Positive
SA_Ta_2798,Positive
SA_Ta_2799,Positive
SA_Ta_2800,Mixed_feelings
SA_Ta_2801,unknown_state
SA_Ta_2802,Positive
SA_Ta_2803,Positive
SA_Ta_2804,Mixed_feelings
SA_Ta_2805,Positive
SA_Ta_2806,Positive
SA_Ta_2807,Positive
SA_Ta_2808,Negative
SA_Ta_2809,Mixed_feelings
SA_Ta_2810,unknown_state
SA_Ta_2811,Mixed_feelings
SA_Ta_2812,Positive
SA_Ta_2813,Positive
SA_Ta_2814,Mixed_feelings
SA_Ta_2815,Mixed_feelings
SA_Ta_2816,Negative
SA_Ta_2817,Positive
SA_Ta_2818,Negative
SA_Ta_2819,Negative
SA_Ta_2820,Positive
SA_Ta_2821,Positive
SA_Ta_2822,Mixed_feelings
SA_Ta_2823,Mixed_feelings
SA_Ta_2824,Positive
SA_Ta_2825,Mixed_feelings
SA_Ta_2826,Positive
SA_Ta_2827,Positive
SA_Ta_2828,Positive
SA_Ta_2829,Negative
SA_Ta_2830,unknown_state
SA_Ta_2831,Positive
SA_Ta_2832,Mixed_feelings
SA_Ta_2833,unknown_state
SA_Ta_2834,Positive
SA_Ta_2835,Mixed_feelings
SA_Ta_2836,Positive
SA_Ta_2837,Positive
SA_Ta_2838,unknown_state
SA_Ta_2839,Mixed_feelings
SA_Ta_2840,unknown_state
SA_Ta_2841,unknown_state
SA_Ta_2842,Negative
SA_Ta_2843,Positive
SA_Ta_2844,Negative
SA_Ta_2845,unknown_state
SA_Ta_2846,Mixed_feelings
SA_Ta_2847,Mixed_feelings
SA_Ta_2848,unknown_state
SA_Ta_2849,Negative
SA_Ta_2850,Negative
SA_Ta_2851,unknown_state
SA_Ta_2852,unknown_state
SA_Ta_2853,unknown_state
SA_Ta_2854,Positive
SA_Ta_2855,Mixed_feelings
SA_Ta_2856,Positive
SA_Ta_2857,Positive
SA_Ta_2858,unknown_state
SA_Ta_2859,Positive
SA_Ta_2860,Mixed_feelings
SA_Ta_2861,Positive
SA_Ta_2862,Positive
SA_Ta_2863,Mixed_feelings
SA_Ta_2864,unknown_state
SA_Ta_2865,Positive
SA_Ta_2866,unknown_state
SA_Ta_2867,Positive
SA_Ta_2868,Positive
SA_Ta_2869,Positive
SA_Ta_2870,Positive
SA_Ta_2871,Positive
SA_Ta_2872,Positive
SA_Ta_2873,Positive
SA_Ta_2874,Positive
SA_Ta_2875,Positive
SA_Ta_2876,Positive
SA_Ta_2877,Mixed_feelings
SA_Ta_2878,Mixed_feelings
SA_Ta_2879,Negative
SA_Ta_2880,Mixed_feelings
SA_Ta_2881,Mixed_feelings
SA_Ta_2882,Positive
SA_Ta_2883,Negative
SA_Ta_2884,Positive
SA_Ta_2885,Positive
SA_Ta_2886,Positive
SA_Ta_2887,unknown_state
SA_Ta_2888,Mixed_feelings
SA_Ta_2889,Negative
SA_Ta_2890,unknown_state
SA_Ta_2891,Positive
SA_Ta_2892,Mixed_feelings
SA_Ta_2893,Positive
SA_Ta_2894,Positive
SA_Ta_2895,Negative
SA_Ta_2896,Mixed_feelings
SA_Ta_2897,Positive
SA_Ta_2898,Negative
SA_Ta_2899,Mixed_feelings
SA_Ta_2900,Negative
SA_Ta_2901,unknown_state
SA_Ta_2902,Positive
SA_Ta_2903,Positive
SA_Ta_2904,unknown_state
SA_Ta_2905,Positive
SA_Ta_2906,unknown_state
SA_Ta_2907,Negative
SA_Ta_2908,Positive
SA_Ta_2909,Positive
SA_Ta_2910,Positive
SA_Ta_2911,unknown_state
SA_Ta_2912,Mixed_feelings
SA_Ta_2913,Positive
SA_Ta_2914,Positive
SA_Ta_2915,Negative
SA_Ta_2916,unknown_state
SA_Ta_2917,unknown_state
SA_Ta_2918,unknown_state
SA_Ta_2919,Mixed_feelings
SA_Ta_2920,Positive
SA_Ta_2921,Positive
SA_Ta_2922,Positive
SA_Ta_2923,Positive
SA_Ta_2924,Positive
SA_Ta_2925,unknown_state
SA_Ta_2926,unknown_state
SA_Ta_2927,Positive
SA_Ta_2928,Positive
SA_Ta_2929,Positive
SA_Ta_2930,Positive
SA_Ta_2931,Mixed_feelings
SA_Ta_2932,unknown_state
SA_Ta_2933,Negative
SA_Ta_2934,Negative
SA_Ta_2935,Positive
SA_Ta_2936,unknown_state
SA_Ta_2937,unknown_state
SA_Ta_2938,unknown_state
SA_Ta_2939,Positive
SA_Ta_2940,unknown_state
SA_Ta_2941,Positive
SA_Ta_2942,Negative
SA_Ta_2943,Mixed_feelings
SA_Ta_2944,Mixed_feelings
SA_Ta_2945,Mixed_feelings
SA_Ta_2946,Positive
SA_Ta_2947,Mixed_feelings
SA_Ta_2948,Positive
SA_Ta_2949,Negative
SA_Ta_2950,Positive
SA_Ta_2951,Negative
SA_Ta_2952,Negative
SA_Ta_2953,Positive
SA_Ta_2954,unknown_state
SA_Ta_2955,Positive
SA_Ta_2956,unknown_state
SA_Ta_2957,Negative
SA_Ta_2958,Positive
SA_Ta_2959,unknown_state
SA_Ta_2960,unknown_state
SA_Ta_2961,unknown_state
SA_Ta_2962,Positive
SA_Ta_2963,Positive
SA_Ta_2964,unknown_state
SA_Ta_2965,Positive
SA_Ta_2966,Positive
SA_Ta_2967,Positive
SA_Ta_2968,Mixed_feelings
SA_Ta_2969,unknown_state
SA_Ta_2970,Positive
SA_Ta_2971,Positive
SA_Ta_2972,unknown_state
SA_Ta_2973,Positive
SA_Ta_2974,Positive
SA_Ta_2975,unknown_state
SA_Ta_2976,Positive
SA_Ta_2977,Mixed_feelings
SA_Ta_2978,Mixed_feelings
SA_Ta_2979,Positive
SA_Ta_2980,unknown_state
SA_Ta_2981,Positive
SA_Ta_2982,Negative
SA_Ta_2983,Positive
SA_Ta_2984,unknown_state
SA_Ta_2985,unknown_state
SA_Ta_2986,Positive
SA_Ta_2987,unknown_state
SA_Ta_2988,Mixed_feelings
SA_Ta_2989,Positive
SA_Ta_2990,unknown_state
SA_Ta_2991,Negative
SA_Ta_2992,Negative
SA_Ta_2993,Negative
SA_Ta_2994,Positive
SA_Ta_2995,Mixed_feelings
SA_Ta_2996,Positive
SA_Ta_2997,Positive
SA_Ta_2998,Mixed_feelings
SA_Ta_2999,Positive
SA_Ta_3000,Positive
SA_Ta_3001,Positive
SA_Ta_3002,Positive
SA_Ta_3003,Positive
SA_Ta_3004,Positive
SA_Ta_3005,Positive
SA_Ta_3006,Mixed_feelings
SA_Ta_3007,Positive
SA_Ta_3008,Negative
SA_Ta_3009,Positive
SA_Ta_3010,Mixed_feelings
SA_Ta_3011,Positive
SA_Ta_3012,Positive
SA_Ta_3013,Positive
SA_Ta_3014,unknown_state
SA_Ta_3015,unknown_state
SA_Ta_3016,Positive
SA_Ta_3017,unknown_state
SA_Ta_3018,Negative
SA_Ta_3019,Mixed_feelings
SA_Ta_3020,Mixed_feelings
SA_Ta_3021,Positive
SA_Ta_3022,Negative
SA_Ta_3023,unknown_state
SA_Ta_3024,Positive
SA_Ta_3025,Mixed_feelings
SA_Ta_3026,unknown_state
SA_Ta_3027,Mixed_feelings
SA_Ta_3028,Positive
SA_Ta_3029,Positive
SA_Ta_3030,Positive
SA_Ta_3031,unknown_state
SA_Ta_3032,Positive
SA_Ta_3033,Positive
SA_Ta_3034,Negative
SA_Ta_3035,Negative
SA_Ta_3036,Mixed_feelings
SA_Ta_3037,Positive
SA_Ta_3038,Negative
SA_Ta_3039,Positive
SA_Ta_3040,Positive
SA_Ta_3041,unknown_state
SA_Ta_3042,Positive
SA_Ta_3043,Positive
SA_Ta_3044,Mixed_feelings
SA_Ta_3045,unknown_state
SA_Ta_3046,Positive
SA_Ta_3047,Positive
SA_Ta_3048,Positive
SA_Ta_3049,Negative
SA_Ta_3050,Negative
SA_Ta_3051,Positive
SA_Ta_3052,Positive
SA_Ta_3053,Positive
SA_Ta_3054,Positive
SA_Ta_3055,unknown_state
SA_Ta_3056,unknown_state
SA_Ta_3057,Mixed_feelings
SA_Ta_3058,unknown_state
SA_Ta_3059,unknown_state
SA_Ta_3060,unknown_state
SA_Ta_3061,Negative
SA_Ta_3062,unknown_state
SA_Ta_3063,unknown_state
SA_Ta_3064,unknown_state
SA_Ta_3065,unknown_state
SA_Ta_3066,unknown_state
SA_Ta_3067,Negative
SA_Ta_3068,Mixed_feelings
SA_Ta_3069,Negative
SA_Ta_3070,Positive
SA_Ta_3071,Negative
SA_Ta_3072,unknown_state
SA_Ta_3073,Positive
SA_Ta_3074,Positive
SA_Ta_3075,Negative
SA_Ta_3076,Positive
SA_Ta_3077,unknown_state
SA_Ta_3078,Positive
SA_Ta_3079,Mixed_feelings
SA_Ta_3080,Positive
SA_Ta_3081,Negative
SA_Ta_3082,Negative
SA_Ta_3083,unknown_state
SA_Ta_3084,Mixed_feelings
SA_Ta_3085,Mixed_feelings
SA_Ta_3086,Mixed_feelings
SA_Ta_3087,Mixed_feelings
SA_Ta_3088,Negative
SA_Ta_3089,Mixed_feelings
SA_Ta_3090,Positive
SA_Ta_3091,Negative
SA_Ta_3092,unknown_state
SA_Ta_3093,Mixed_feelings
SA_Ta_3094,Negative
SA_Ta_3095,Negative
SA_Ta_3096,Positive
SA_Ta_3097,Positive
SA_Ta_3098,unknown_state
SA_Ta_3099,Positive
SA_Ta_3100,Mixed_feelings
SA_Ta_3101,Positive
SA_Ta_3102,Positive
SA_Ta_3103,Mixed_feelings
SA_Ta_3104,unknown_state
SA_Ta_3105,unknown_state
SA_Ta_3106,Positive
SA_Ta_3107,Positive
SA_Ta_3108,Negative
SA_Ta_3109,unknown_state
SA_Ta_3110,unknown_state
SA_Ta_3111,Mixed_feelings
SA_Ta_3112,unknown_state
SA_Ta_3113,Positive
SA_Ta_3114,Mixed_feelings
SA_Ta_3115,Negative
SA_Ta_3116,Negative
SA_Ta_3117,Positive
SA_Ta_3118,Positive
SA_Ta_3119,unknown_state
SA_Ta_3120,Positive
SA_Ta_3121,Positive
SA_Ta_3122,Negative
SA_Ta_3123,Positive
SA_Ta_3124,Mixed_feelings
SA_Ta_3125,Positive
SA_Ta_3126,Mixed_feelings
SA_Ta_3127,Positive
SA_Ta_3128,Positive
SA_Ta_3129,Positive
SA_Ta_3130,Positive
SA_Ta_3131,Positive
SA_Ta_3132,unknown_state
SA_Ta_3133,Positive
SA_Ta_3134,Negative
SA_Ta_3135,Negative
SA_Ta_3136,Mixed_feelings
SA_Ta_3137,unknown_state
SA_Ta_3138,unknown_state
SA_Ta_3139,Positive
SA_Ta_3140,Positive
SA_Ta_3141,Positive
SA_Ta_3142,Negative
SA_Ta_3143,Negative
SA_Ta_3144,Mixed_feelings
SA_Ta_3145,Positive
SA_Ta_3146,Positive
SA_Ta_3147,Positive
SA_Ta_3148,unknown_state
SA_Ta_3149,Mixed_feelings
SA_Ta_3150,Positive
SA_Ta_3151,Negative
SA_Ta_3152,Negative
SA_Ta_3153,Positive
SA_Ta_3154,Negative
SA_Ta_3155,Positive
SA_Ta_3156,Mixed_feelings
SA_Ta_3157,Positive
SA_Ta_3158,unknown_state
SA_Ta_3159,Positive
SA_Ta_3160,unknown_state
SA_Ta_3161,Negative
SA_Ta_3162,Positive
SA_Ta_3163,Positive
SA_Ta_3164,Mixed_feelings
SA_Ta_3165,Mixed_feelings
SA_Ta_3166,Negative
SA_Ta_3167,Positive
SA_Ta_3168,Mixed_feelings
SA_Ta_3169,unknown_state
SA_Ta_3170,Positive
SA_Ta_3171,unknown_state
SA_Ta_3172,Mixed_feelings
SA_Ta_3173,Positive
SA_Ta_3174,Positive
SA_Ta_3175,Mixed_feelings
SA_Ta_3176,Mixed_feelings
SA_Ta_3177,Negative
SA_Ta_3178,Negative
SA_Ta_3179,Mixed_feelings
SA_Ta_3180,unknown_state
SA_Ta_3181,Positive
SA_Ta_3182,Negative
SA_Ta_3183,Mixed_feelings
SA_Ta_3184,Positive
SA_Ta_3185,Negative
SA_Ta_3186,Positive
SA_Ta_3187,Negative
SA_Ta_3188,unknown_state
SA_Ta_3189,Positive
SA_Ta_3190,Negative
SA_Ta_3191,Positive
SA_Ta_3192,unknown_state
SA_Ta_3193,Positive
SA_Ta_3194,Mixed_feelings
SA_Ta_3195,Positive
SA_Ta_3196,Mixed_feelings
SA_Ta_3197,Positive
SA_Ta_3198,Positive
SA_Ta_3199,Positive
SA_Ta_3200,Positive
SA_Ta_3201,Positive
SA_Ta_3202,Positive
SA_Ta_3203,Negative
SA_Ta_3204,Positive
SA_Ta_3205,Positive
SA_Ta_3206,Positive
SA_Ta_3207,Positive
SA_Ta_3208,Positive
SA_Ta_3209,Positive
SA_Ta_3210,unknown_state
SA_Ta_3211,Negative
SA_Ta_3212,Positive
SA_Ta_3213,unknown_state
SA_Ta_3214,Negative
SA_Ta_3215,Mixed_feelings
SA_Ta_3216,Negative
SA_Ta_3217,Mixed_feelings
SA_Ta_3218,Negative
SA_Ta_3219,Positive
SA_Ta_3220,Positive
SA_Ta_3221,Positive
SA_Ta_3222,Negative
SA_Ta_3223,Positive
SA_Ta_3224,Negative
SA_Ta_3225,Negative
SA_Ta_3226,Negative
SA_Ta_3227,Negative
SA_Ta_3228,Negative
SA_Ta_3229,Positive
SA_Ta_3230,Negative
SA_Ta_3231,Positive
SA_Ta_3232,Negative
SA_Ta_3233,Mixed_feelings
SA_Ta_3234,Positive
SA_Ta_3235,Positive
SA_Ta_3236,Negative
SA_Ta_3237,unknown_state
SA_Ta_3238,Mixed_feelings
SA_Ta_3239,Positive
SA_Ta_3240,Positive
SA_Ta_3241,Negative
SA_Ta_3242,Positive
SA_Ta_3243,Negative
SA_Ta_3244,Positive
SA_Ta_3245,Positive
SA_Ta_3246,unknown_state
SA_Ta_3247,Positive
SA_Ta_3248,Positive
SA_Ta_3249,Positive
SA_Ta_3250,Positive
SA_Ta_3251,unknown_state
SA_Ta_3252,Mixed_feelings
SA_Ta_3253,Positive
SA_Ta_3254,Mixed_feelings
SA_Ta_3255,Positive
SA_Ta_3256,Mixed_feelings
SA_Ta_3257,Mixed_feelings
SA_Ta_3258,Positive
SA_Ta_3259,Positive
SA_Ta_3260,Positive
SA_Ta_3261,Mixed_feelings
SA_Ta_3262,Positive
SA_Ta_3263,Positive
SA_Ta_3264,unknown_state
SA_Ta_3265,Negative
SA_Ta_3266,unknown_state
SA_Ta_3267,Negative
SA_Ta_3268,Negative
SA_Ta_3269,unknown_state
SA_Ta_3270,unknown_state
SA_Ta_3271,Positive
SA_Ta_3272,Negative
SA_Ta_3273,Mixed_feelings
SA_Ta_3274,Positive
SA_Ta_3275,Positive
SA_Ta_3276,unknown_state
SA_Ta_3277,Negative
SA_Ta_3278,Negative
SA_Ta_3279,unknown_state
SA_Ta_3280,Positive
SA_Ta_3281,Positive
SA_Ta_3282,Mixed_feelings
SA_Ta_3283,Mixed_feelings
SA_Ta_3284,Negative
SA_Ta_3285,unknown_state
SA_Ta_3286,Mixed_feelings
SA_Ta_3287,Positive
SA_Ta_3288,Mixed_feelings
SA_Ta_3289,unknown_state
SA_Ta_3290,Positive
SA_Ta_3291,Negative
SA_Ta_3292,Mixed_feelings
SA_Ta_3293,Negative
SA_Ta_3294,Negative
SA_Ta_3295,Mixed_feelings
SA_Ta_3296,unknown_state
SA_Ta_3297,unknown_state
SA_Ta_3298,Mixed_feelings
SA_Ta_3299,unknown_state
SA_Ta_3300,Negative
SA_Ta_3301,Positive
SA_Ta_3302,Positive
SA_Ta_3303,Mixed_feelings
SA_Ta_3304,Mixed_feelings
SA_Ta_3305,Positive
SA_Ta_3306,Positive
SA_Ta_3307,Negative
SA_Ta_3308,Mixed_feelings
SA_Ta_3309,Positive
SA_Ta_3310,unknown_state
SA_Ta_3311,Positive
SA_Ta_3312,Negative
SA_Ta_3313,Negative
SA_Ta_3314,Mixed_feelings
SA_Ta_3315,Mixed_feelings
SA_Ta_3316,Negative
SA_Ta_3317,Positive
SA_Ta_3318,Negative
SA_Ta_3319,unknown_state
SA_Ta_3320,Mixed_feelings
SA_Ta_3321,Mixed_feelings
SA_Ta_3322,unknown_state
SA_Ta_3323,Positive
SA_Ta_3324,unknown_state
SA_Ta_3325,unknown_state
SA_Ta_3326,Negative
SA_Ta_3327,Mixed_feelings
SA_Ta_3328,Positive
SA_Ta_3329,Positive
SA_Ta_3330,Positive
SA_Ta_3331,unknown_state
SA_Ta_3332,Positive
SA_Ta_3333,Positive
SA_Ta_3334,Positive
SA_Ta_3335,Positive
SA_Ta_3336,Negative
SA_Ta_3337,unknown_state
SA_Ta_3338,Positive
SA_Ta_3339,Positive
SA_Ta_3340,Positive
SA_Ta_3341,Positive
SA_Ta_3342,Positive
SA_Ta_3343,Positive
SA_Ta_3344,Mixed_feelings
SA_Ta_3345,unknown_state
SA_Ta_3346,Mixed_feelings
SA_Ta_3347,Mixed_feelings
SA_Ta_3348,Positive
SA_Ta_3349,Positive
SA_Ta_3350,Negative
SA_Ta_3351,unknown_state
SA_Ta_3352,Mixed_feelings
SA_Ta_3353,Mixed_feelings
SA_Ta_3354,Negative
SA_Ta_3355,Mixed_feelings
SA_Ta_3356,Mixed_feelings
SA_Ta_3357,Mixed_feelings
SA_Ta_3358,Positive
SA_Ta_3359,unknown_state
SA_Ta_3360,unknown_state
SA_Ta_3361,unknown_state
SA_Ta_3362,Positive
SA_Ta_3363,Positive
SA_Ta_3364,unknown_state
SA_Ta_3365,Mixed_feelings
SA_Ta_3366,Positive
SA_Ta_3367,Positive
SA_Ta_3368,Positive
SA_Ta_3369,Mixed_feelings
SA_Ta_3370,Negative
SA_Ta_3371,Mixed_feelings
SA_Ta_3372,Positive
SA_Ta_3373,unknown_state
SA_Ta_3374,unknown_state
SA_Ta_3375,Positive
SA_Ta_3376,unknown_state
SA_Ta_3377,Mixed_feelings
SA_Ta_3378,unknown_state
SA_Ta_3379,Positive
SA_Ta_3380,unknown_state
SA_Ta_3381,Mixed_feelings
SA_Ta_3382,Mixed_feelings
SA_Ta_3383,Mixed_feelings
SA_Ta_3384,Positive
SA_Ta_3385,unknown_state
SA_Ta_3386,Positive
SA_Ta_3387,Mixed_feelings
SA_Ta_3388,Positive
SA_Ta_3389,Positive
SA_Ta_3390,unknown_state
SA_Ta_3391,Positive
SA_Ta_3392,Positive
SA_Ta_3393,Positive
SA_Ta_3394,Positive
SA_Ta_3395,Positive
SA_Ta_3396,Positive
SA_Ta_3397,unknown_state
SA_Ta_3398,unknown_state
SA_Ta_3399,Negative
SA_Ta_3400,Positive
SA_Ta_3401,unknown_state
SA_Ta_3402,Mixed_feelings
SA_Ta_3403,Positive
SA_Ta_3404,Positive
SA_Ta_3405,Positive
SA_Ta_3406,Mixed_feelings
SA_Ta_3407,Mixed_feelings
SA_Ta_3408,Positive
SA_Ta_3409,unknown_state
SA_Ta_3410,unknown_state
SA_Ta_3411,Mixed_feelings
SA_Ta_3412,Negative
SA_Ta_3413,Positive
SA_Ta_3414,unknown_state
SA_Ta_3415,Negative
SA_Ta_3416,Positive
SA_Ta_3417,Positive
SA_Ta_3418,Positive
SA_Ta_3419,Positive
SA_Ta_3420,Positive
SA_Ta_3421,Negative
SA_Ta_3422,Mixed_feelings
SA_Ta_3423,unknown_state
SA_Ta_3424,unknown_state
SA_Ta_3425,Negative
SA_Ta_3426,unknown_state
SA_Ta_3427,unknown_state
SA_Ta_3428,unknown_state
SA_Ta_3429,Positive
SA_Ta_3430,unknown_state
SA_Ta_3431,unknown_state
SA_Ta_3432,Positive
SA_Ta_3433,Positive
SA_Ta_3434,unknown_state
SA_Ta_3435,Positive
SA_Ta_3436,Positive
SA_Ta_3437,unknown_state
SA_Ta_3438,Mixed_feelings
SA_Ta_3439,unknown_state
SA_Ta_3440,Positive
SA_Ta_3441,Positive
SA_Ta_3442,Positive
SA_Ta_3443,Negative
SA_Ta_3444,Negative
SA_Ta_3445,Negative
SA_Ta_3446,Positive
SA_Ta_3447,Positive
SA_Ta_3448,unknown_state
SA_Ta_3449,Positive
SA_Ta_3450,Positive
SA_Ta_3451,unknown_state
SA_Ta_3452,Mixed_feelings
SA_Ta_3453,Positive
SA_Ta_3454,Mixed_feelings
SA_Ta_3455,unknown_state
SA_Ta_3456,Positive
SA_Ta_3457,Negative
SA_Ta_3458,Positive
SA_Ta_3459,Positive
